-- phpMyAdmin SQL Dump
-- version 4.7.4
-- https://www.phpmyadmin.net/
--
-- Host: 127.0.0.1:3306
-- Erstellungszeit: 07. Feb 2019 um 15:25
-- Server-Version: 5.7.19-log
-- PHP-Version: 7.1.9

SET SQL_MODE = "NO_AUTO_VALUE_ON_ZERO";
SET AUTOCOMMIT = 0;
START TRANSACTION;
SET time_zone = "+00:00";


/*!40101 SET @OLD_CHARACTER_SET_CLIENT=@@CHARACTER_SET_CLIENT */;
/*!40101 SET @OLD_CHARACTER_SET_RESULTS=@@CHARACTER_SET_RESULTS */;
/*!40101 SET @OLD_COLLATION_CONNECTION=@@COLLATION_CONNECTION */;
/*!40101 SET NAMES utf8mb4 */;

--
-- Datenbank: `coredb`
--

-- --------------------------------------------------------

--
-- Tabellenstruktur für Tabelle `content`
--

DROP TABLE IF EXISTS `content`;
CREATE TABLE IF NOT EXISTS `content` (
  `cUID` int(11) NOT NULL AUTO_INCREMENT,
  `cPageUID` int(11) NOT NULL,
  `cParent` varchar(255) COLLATE utf8_bin NOT NULL DEFAULT '',
  `cLanguage` varchar(255) COLLATE utf8_bin NOT NULL,
  `cType` varchar(255) COLLATE utf8_bin NOT NULL,
  `cAttrId` varchar(255) COLLATE utf8_bin NOT NULL DEFAULT '',
  `cAttrClass` varchar(255) COLLATE utf8_bin NOT NULL DEFAULT '',
  `cAttrStyle` text COLLATE utf8_bin NOT NULL,
  `cPosition` int(11) NOT NULL,
  `cAnimation` tinyint(4) NOT NULL DEFAULT '0',
  `cLazyLoad` tinyint(4) NOT NULL DEFAULT '0',
  `cStaticTemplate` tinyint(4) NOT NULL DEFAULT '0',
  `cStaticCopyOf` int(11) NOT NULL DEFAULT '-1',
  `cActive` tinyint(4) NOT NULL DEFAULT '1',
  `cDeleted` tinyint(4) NOT NULL DEFAULT '0',
  `cDate` varchar(100) COLLATE utf8_bin NOT NULL,
  `cAuthor` varchar(100) COLLATE utf8_bin NOT NULL,
  `cLastEditor` varchar(100) COLLATE utf8_bin NOT NULL,
  `cLockedByAdmin` tinyint(4) NOT NULL DEFAULT '0',
  PRIMARY KEY (`cUID`)
) ENGINE=InnoDB AUTO_INCREMENT=259 DEFAULT CHARSET=utf8 COLLATE=utf8_bin;

--
-- Daten für Tabelle `content`
--

INSERT INTO `content` (`cUID`, `cPageUID`, `cParent`, `cLanguage`, `cType`, `cAttrId`, `cAttrClass`, `cAttrStyle`, `cPosition`, `cAnimation`, `cLazyLoad`, `cStaticTemplate`, `cStaticCopyOf`, `cActive`, `cDeleted`, `cDate`, `cAuthor`, `cLastEditor`, `cLockedByAdmin`) VALUES
(1, 1, '', 'DE', 'container', '', 'pe-wrapall', '', 625, 1, 0, 0, -1, 1, 0, '1549204436', 'mwienands', 'mwienands', 1),
(2, 1, '', 'DE', 'container', '', 'pe-mobilebuttons', '', 630, 1, 0, 0, -1, 1, 0, '1549203723', 'mwienands', 'mwienands', 1),
(3, 1, '', 'DE', 'container', '', 'pe-menucontainer core-stick-to-top', '', 15, 1, 0, 0, -1, 1, 0, '1549272422', 'mwienands', 'mwienands', 1),
(4, 1, '2', 'DE', 'row', '', '', '', 20, 1, 0, 0, -1, 1, 0, '1549192395', 'mwienands', 'mwienands', 0),
(5, 1, '4', 'DE', 'column', '', '', '', 25, 1, 0, 0, -1, 1, 0, '1549203729', 'mwienands', 'mwienands', 1),
(6, 1, '4', 'DE', 'column', '', '', '', 30, 1, 0, 0, -1, 1, 0, '1549203726', 'mwienands', 'mwienands', 1),
(7, 1, '5', 'DE', 'button', '', 'pe-buttonbook-mobile', '', 35, 1, 0, 0, -1, 1, 0, '1549203731', 'mwienands', 'mwienands', 1),
(8, 1, '6', 'DE', 'button', '', 'pe-buttonvoucher-mobile', '', 40, 1, 0, 0, -1, 1, 0, '1549203734', 'mwienands', 'mwienands', 1),
(9, 1, '3', 'DE', 'row', '', 'pe-autobreak', '', 45, 1, 0, 0, -1, 1, 0, '1549203663', 'mwienands', 'mwienands', 1),
(10, 1, '9', 'DE', 'column', '', 'text-left', '', 50, 1, 0, 0, -1, 1, 0, '1549274321', 'mwienands', 'mwienands', 1),
(11, 1, '9', 'DE', 'column', '', 'text-right', 'padding-right:20px;', 60, 1, 0, 0, -1, 1, 0, '1549203683', 'mwienands', 'mwienands', 1),
(12, 1, '9', 'DE', 'column', '', '', '', 55, 1, 0, 0, -1, 1, 0, '1549203667', 'mwienands', 'mwienands', 1),
(13, 1, '10', 'DE', 'image', '', '', 'margin:20px; max-height:70px;', 65, 1, 0, 0, -1, 1, 0, '1549203679', 'mwienands', 'mwienands', 1),
(14, 1, '11', 'DE', 'custom', '', '', '', 70, 1, 0, 0, -1, 1, 0, '1549203685', 'mwienands', 'mwienands', 1),
(15, 1, '12', 'DE', 'row', '', '', 'margin-top:40px;', 75, 1, 0, 0, -1, 1, 0, '1549204304', 'mwienands', 'mwienands', 1),
(16, 1, '15', 'DE', 'column', '', 'text-right', '', 80, 1, 0, 0, -1, 1, 0, '1549203690', 'mwienands', 'mwienands', 1),
(17, 1, '15', 'DE', 'column', '', '', '', 85, 1, 0, 0, -1, 1, 1, '1549280099', 'mwienands', 'mwienands', 1),
(18, 1, '16', 'DE', 'button', '', 'pe-buttonbook', '', 90, 1, 0, 0, -1, 1, 0, '1549205487', 'mwienands', 'mwienands', 1),
(19, 1, '16', 'DE', 'button', '', 'pe-buttonvoucher', '', 95, 1, 0, 0, -1, 1, 0, '1549205497', 'mwienands', 'mwienands', 1),
(20, 1, '1', 'DE', 'container', '', 'pe-topslideshow', '', 100, 1, 0, 0, -1, 1, 0, '1549204439', 'mwienands', 'mwienands', 1),
(21, 1, '20', 'DE', 'row', '', '', '', 105, 1, 0, 0, -1, 1, 0, '1549204441', 'mwienands', 'mwienands', 1),
(22, 1, '21', 'DE', 'column_bgswitcher', '', 'pe-bgslideshow', '', 110, 1, 0, 0, -1, 1, 0, '1549204198', 'mwienands', 'mwienands', 0),
(23, 1, '22', 'DE', 'container', '', 'overlay-30 h100', '', 115, 1, 0, 0, -1, 1, 0, '1549205330', 'mwienands', 'mwienands', 1),
(24, 1, '1', 'DE', 'container', '', 'pe-newssection', '', 125, 1, 0, 0, -1, 1, 0, '1549204629', 'mwienands', 'mwienands', 1),
(25, 1, '1', 'DE', 'container', '', 'pe-scrollanimation', '', 120, 1, 0, 0, -1, 1, 0, '1549208042', 'mwienands', 'mwienands', 1),
(26, 1, '24', 'DE', 'row', '', 'pe-autobreak mt-4', 'padding:20px;', 130, 1, 0, 0, -1, 1, 0, '1549205235', 'mwienands', 'mwienands', 1),
(27, 1, '26', 'DE', 'column', '', '', '', 135, 1, 0, 0, -1, 1, 0, '1549204624', 'mwienands', 'mwienands', 1),
(28, 1, '27', 'DE', 'text_image', '', '', '', 140, 1, 0, 0, -1, 1, 0, '1549204647', 'mwienands', 'mwienands', 0),
(29, 1, '24', 'DE', 'row', '', 'pe-autobreak mb-5', 'padding:20px;', 145, 1, 0, 0, -1, 1, 0, '1549226483', 'mwienands', 'mwienands', 1),
(30, 1, '29', 'DE', 'column', '', 'm-2', '', 150, 1, 0, 0, -1, 1, 0, '1549275268', 'mwienands', 'mwienands', 1),
(31, 1, '30', 'DE', 'fixed_aspect_image', '', '', '', 155, 1, 0, 0, -1, 1, 0, '1549205055', 'mwienands', 'mwienands', 0),
(32, 1, '30', 'DE', 'text_image', '', 'mt-3', '', 160, 1, 0, 0, -1, 1, 0, '1549205113', 'mwienands', 'mwienands', 0),
(33, 1, '29', 'DE', 'column', '', 'm-2', '', 165, 1, 0, 0, -1, 1, 0, '1549275273', 'mwienands', 'mwienands', 1),
(34, 1, '33', 'DE', 'fixed_aspect_image', '', '', '', 170, 1, 0, 0, -1, 1, 0, '1549205166', 'mwienands', 'mwienands', 0),
(35, 1, '33', 'DE', 'text_image', '', 'mt-3', '', 175, 1, 0, 0, -1, 1, 0, '1549205166', 'mwienands', 'mwienands', 0),
(36, 1, '29', 'DE', 'column', '', 'm-2', '', 180, 1, 0, 0, -1, 1, 0, '1549275279', 'mwienands', 'mwienands', 1),
(37, 1, '36', 'DE', 'fixed_aspect_image', '', '', '', 185, 1, 0, 0, -1, 1, 0, '1549205173', 'mwienands', 'mwienands', 0),
(38, 1, '36', 'DE', 'text_image', '', 'mt-3', '', 190, 1, 0, 0, -1, 1, 0, '1549205173', 'mwienands', 'mwienands', 0),
(39, 1, '25', 'DE', 'row', '', '', '', 195, 1, 0, 0, -1, 1, 0, '1549207632', 'mwienands', 'mwienands', 1),
(40, 1, '39', 'DE', 'column', '', 'text-center', '', 200, 1, 0, 0, -1, 1, 0, '1549207636', 'mwienands', 'mwienands', 1),
(41, 1, '40', 'DE', 'image', '', '', 'max-height:80px;', 205, 1, 0, 0, -1, 1, 1, '1549205750', 'mwienands', 'mwienands', 0),
(42, 1, '40', 'DE', 'custom', '', '', '', 210, 1, 0, 0, -1, 1, 0, '1549207640', 'mwienands', 'mwienands', 1),
(43, 1, '1', 'DE', 'container', '', 'pe-socialsection', '', 215, 1, 0, 0, -1, 1, 0, '1549207655', 'mwienands', 'mwienands', 1),
(44, 1, '43', 'DE', 'row', '', 'mt-4', '', 235, 1, 0, 0, -1, 1, 0, '1549207661', 'mwienands', 'mwienands', 1),
(45, 1, '44', 'DE', 'column_fixed_aspect', '', 'pe-blueborder', 'background-image:linear-gradient(-45deg, rgba(66,139,202,1), rgba(66,139,202,0.7));', 225, 1, 0, 0, -1, 1, 0, '1549275388', 'mwienands', 'mwienands', 1),
(46, 1, '44', 'DE', 'column', '', '', '', 230, 1, 0, 0, -1, 1, 0, '1549219570', 'mwienands', 'mwienands', 1),
(47, 1, '43', 'DE', 'row', '', 'pe-autobreak mt-4', 'padding:20px;', 220, 1, 0, 0, -1, 0, 1, '1549206444', 'mwienands', 'mwienands', 0),
(48, 1, '47', 'DE', 'column', '', '', '', 240, 1, 0, 0, -1, 1, 1, '1549206444', 'mwienands', 'mwienands', 0),
(49, 1, '48', 'DE', 'text_image', '', '', '', 245, 1, 0, 0, -1, 1, 1, '1549206444', 'mwienands', 'mwienands', 0),
(50, 1, '46', 'DE', 'facebook_wall', '', '', '', 250, 1, 0, 0, -1, 1, 0, '1549222191', 'mwienands', 'mwienands', 1),
(51, 1, '45', 'DE', 'row', '', '', '', 255, 1, 0, 0, -1, 1, 0, '1549207685', 'mwienands', 'mwienands', 1),
(52, 1, '51', 'DE', 'column_fixed_aspect', '', 'pe-tilefb pe-linktile text-center', '', 260, 1, 0, 0, -1, 1, 0, '1549219967', 'mwienands', 'mwienands', 0),
(53, 1, '51', 'DE', 'column_fixed_aspect', '', 'pe-tileinstagram pe-linktile text-center', '', 265, 1, 0, 0, -1, 1, 0, '1549217800', 'mwienands', 'mwienands', 0),
(54, 1, '51', 'DE', 'column_fixed_aspect', '', 'pe-tileyoutube pe-linktile text-center', '', 270, 1, 0, 0, -1, 1, 0, '1549217783', 'mwienands', 'mwienands', 0),
(55, 1, '51', 'DE', 'column_fixed_aspect', '', 'pe-tilegallery pe-linktile text-center', '', 275, 1, 0, 0, -1, 1, 0, '1549217921', 'mwienands', 'mwienands', 0),
(56, 1, '1', 'DE', 'container', '', 'pe-videosection mb-5', '', 280, 1, 0, 0, -1, 1, 0, '1549226503', 'mwienands', 'mwienands', 1),
(57, 1, '56', 'DE', 'row', '', '', '', 285, 1, 0, 0, -1, 1, 0, '1549207759', 'mwienands', 'mwienands', 1),
(58, 1, '57', 'DE', 'column', '', '', '', 290, 1, 0, 0, -1, 1, 0, '1549207763', 'mwienands', 'mwienands', 1),
(59, 1, '58', 'DE', 'background_video', '', '', '', 295, 1, 0, 0, -1, 1, 0, '1549224634', 'mwienands', 'mwienands', 0),
(60, 1, '1', 'DE', 'container', '', 'pe-offersection mb-5', '', 300, 1, 0, 0, -1, 1, 0, '1549275409', 'mwienands', 'mwienands', 1),
(61, 1, '60', 'DE', 'row', '', 'pe-autobreak mt-4', 'padding:20px;', 305, 1, 0, 0, -1, 1, 0, '1549275414', 'mwienands', 'mwienands', 1),
(62, 1, '61', 'DE', 'column', '', '', '', 310, 1, 0, 0, -1, 1, 0, '1549275418', 'mwienands', 'mwienands', 1),
(63, 1, '62', 'DE', 'text_image', '', '', '', 315, 1, 0, 0, -1, 1, 0, '1549208416', 'mwienands', 'mwienands', 0),
(64, 1, '59', 'DE', 'row', '', 'pe-autobreak pe-videorow ', 'margin-top:20vh; padding:20px;', 320, 1, 0, 0, -1, 1, 0, '1549276845', 'mwienands', 'mwienands', 1),
(65, 1, '52', 'DE', 'text_image', '', '', '', 325, 1, 0, 0, -1, 1, 1, '1549216520', 'mwienands', 'mwienands', 0),
(66, 1, '52', 'DE', 'text_image', '', '', '', 330, 1, 0, 0, -1, 1, 1, '1549217381', 'mwienands', 'mwienands', 0),
(67, 1, '52', 'DE', 'custom', '', ' core-vcenter', '', 335, 1, 0, 0, -1, 1, 0, '1549275292', 'mwienands', 'mwienands', 1),
(68, 1, '53', 'DE', 'custom', '', ' core-vcenter', '', 340, 1, 0, 0, -1, 1, 0, '1549220006', 'mwienands', 'mwienands', 0),
(69, 1, '54', 'DE', 'custom', '', ' core-vcenter', '', 345, 1, 0, 0, -1, 1, 0, '1549219989', 'mwienands', 'mwienands', 0),
(70, 1, '55', 'DE', 'custom', '', ' core-vcenter', '', 350, 1, 0, 0, -1, 1, 0, '1549219998', 'mwienands', 'mwienands', 0),
(71, 1, '64', 'DE', 'column', '', 'mt-5', '', 355, 1, 0, 0, -1, 1, 0, '1549225125', 'mwienands', 'mwienands', 1),
(72, 1, '71', 'DE', 'text_image', '', '', '', 360, 1, 0, 0, -1, 1, 0, '1549222431', 'mwienands', 'mwienands', 0),
(73, 1, '60', 'DE', 'row', '', 'pe-autobreak', 'padding:20px;', 365, 1, 0, 0, -1, 1, 0, '1549275423', 'mwienands', 'mwienands', 1),
(74, 1, '73', 'DE', 'column', '', 'mt-5 ', '', 370, 1, 0, 0, -1, 1, 0, '1549275431', 'mwienands', 'mwienands', 1),
(75, 1, '73', 'DE', 'column', '', 'mt-5', '', 375, 1, 0, 0, -1, 1, 0, '1549275452', 'mwienands', 'mwienands', 1),
(76, 1, '73', 'DE', 'column', '', 'mt-5 ', '', 380, 1, 0, 0, -1, 1, 0, '1549275457', 'mwienands', 'mwienands', 1),
(77, 1, '74', 'DE', 'card', '', '', '', 385, 1, 0, 0, -1, 1, 0, '1549223320', 'mwienands', 'mwienands', 0),
(78, 1, '77', 'DE', 'fixed_aspect_image', '', '', '', 390, 1, 0, 0, -1, 1, 0, '1549223397', 'mwienands', 'mwienands', 0),
(79, 1, '77', 'DE', 'card_body', '', '', '', 395, 1, 0, 0, -1, 1, 0, '1549223564', 'mwienands', 'mwienands', 0),
(80, 1, '79', 'DE', 'text_image', '', '', '', 405, 1, 0, 0, -1, 1, 0, '1549223692', 'mwienands', 'mwienands', 0),
(81, 1, '79', 'DE', 'card_title', '', 'pe-h', '', 400, 1, 0, 0, -1, 1, 0, '1549226910', 'mwienands', 'mwienands', 0),
(82, 1, '77', 'DE', 'button', '', 'pe-buttonbook m-3', '', 410, 1, 0, 0, -1, 1, 0, '1549223992', 'mwienands', 'mwienands', 0),
(83, 1, '76', 'DE', 'card', '', '', '', 415, 1, 0, 0, -1, 1, 0, '1549223828', 'mwienands', 'mwienands', 0),
(84, 1, '83', 'DE', 'fixed_aspect_image', '', '', '', 420, 1, 0, 0, -1, 1, 0, '1549224336', 'mwienands', 'mwienands', 0),
(85, 1, '83', 'DE', 'card_body', '', '', '', 425, 1, 0, 0, -1, 1, 0, '1549223828', 'mwienands', 'mwienands', 0),
(86, 1, '85', 'DE', 'card_title', '', 'pe-h', '', 430, 1, 0, 0, -1, 1, 0, '1549226927', 'mwienands', 'mwienands', 0),
(87, 1, '85', 'DE', 'text_image', '', '', '', 435, 1, 0, 0, -1, 1, 0, '1549223828', 'mwienands', 'mwienands', 0),
(88, 1, '83', 'DE', 'button', '', 'pe-buttonbook m-3', '', 440, 1, 0, 0, -1, 1, 0, '1549224004', 'mwienands', 'mwienands', 0),
(89, 1, '75', 'DE', 'card', '', 'text-white bg-primary', '', 445, 1, 0, 0, -1, 1, 0, '1549224198', 'mwienands', 'mwienands', 0),
(90, 1, '89', 'DE', 'fixed_aspect_image', '', '', '', 450, 1, 0, 0, -1, 1, 0, '1549224304', 'mwienands', 'mwienands', 0),
(91, 1, '89', 'DE', 'card_body', '', '', '', 455, 1, 0, 0, -1, 1, 0, '1549224175', 'mwienands', 'mwienands', 0),
(92, 1, '91', 'DE', 'card_title', '', 'pe-h', '', 460, 1, 0, 0, -1, 1, 0, '1549226919', 'mwienands', 'mwienands', 0),
(93, 1, '91', 'DE', 'text_image', '', '', '', 465, 1, 0, 0, -1, 1, 0, '1549224175', 'mwienands', 'mwienands', 0),
(94, 1, '89', 'DE', 'button', '', 'pe-buttonbook m-3', '', 470, 1, 0, 0, -1, 1, 0, '1549224175', 'mwienands', 'mwienands', 0),
(95, 1, '1', 'DE', 'container', '', 'pe-infosection mb-5', '', 475, 1, 0, 0, -1, 1, 0, '1549226538', 'mwienands', 'mwienands', 1),
(96, 1, '95', 'DE', 'row', '', 'pe-autobreak mt-4', 'padding:20px;', 480, 1, 0, 0, -1, 1, 0, '1549225097', 'mwienands', 'mwienands', 1),
(97, 1, '96', 'DE', 'column', '', '', '', 485, 1, 0, 0, -1, 1, 0, '1549225106', 'mwienands', 'mwienands', 1),
(98, 1, '97', 'DE', 'text_image', '', '', '', 490, 1, 0, 0, -1, 1, 0, '1549225071', 'mwienands', 'mwienands', 0),
(99, 1, '95', 'DE', 'row', '', 'pe-autobreak', 'padding:20px;', 495, 1, 0, 0, -1, 1, 0, '1549275862', 'mwienands', 'mwienands', 1),
(100, 1, '99', 'DE', 'column', '', '', ' border: solid 1px #9B9B9B;', 500, 1, 0, 0, -1, 1, 0, '1549275876', 'mwienands', 'mwienands', 1),
(101, 1, '99', 'DE', 'column', '', '', ' border: solid 1px #9B9B9B;', 505, 1, 0, 0, -1, 1, 0, '1549275886', 'mwienands', 'mwienands', 1),
(102, 1, '100', 'DE', 'row', '', 'pe-rowborder pe-rb-l', '', 510, 1, 0, 0, -1, 1, 0, '1549227331', 'mwienands', 'mwienands', 1),
(103, 1, '102', 'DE', 'column_fixed_aspect', '', '', '', 515, 1, 0, 0, -1, 1, 0, '1549226780', 'mwienands', 'mwienands', 0),
(104, 1, '102', 'DE', 'column_fixed_aspect', '', 'core-darken-30', '', 520, 1, 0, 0, -1, 1, 0, '1549276236', 'mwienands', 'mwienands', 1),
(105, 1, '101', 'DE', 'row', '', 'pe-rowborder', '', 525, 1, 0, 0, -1, 1, 0, '1549227322', 'mwienands', 'mwienands', 1),
(106, 1, '105', 'DE', 'column_fixed_aspect', '', 'core-darken-30', '', 530, 1, 0, 0, -1, 1, 0, '1549276246', 'mwienands', 'mwienands', 1),
(107, 1, '105', 'DE', 'column_fixed_aspect', '', '', '', 540, 1, 0, 0, -1, 1, 0, '1549277085', 'mwienands', 'mwienands', 0),
(108, 1, '105', 'DE', 'column_fixed_aspect', '', '', '', 535, 1, 0, 0, -1, 1, 0, '1549277039', 'mwienands', 'mwienands', 0),
(109, 1, '105', 'DE', 'column_fixed_aspect', '', 'core-darken-30', '', 545, 1, 0, 0, -1, 1, 0, '1549276257', 'mwienands', 'mwienands', 1),
(110, 1, '104', 'DE', 'text_image', '', 'm-5', '', 550, 1, 0, 0, -1, 1, 0, '1549226111', 'mwienands', 'mwienands', 0),
(111, 1, '106', 'DE', 'text_image', '', 'm-5', '', 555, 1, 0, 0, -1, 1, 0, '1549226227', 'mwienands', 'mwienands', 0),
(112, 1, '109', 'DE', 'text_image', '', 'm-5', '', 560, 1, 0, 0, -1, 1, 0, '1549226233', 'mwienands', 'mwienands', 0),
(113, 1, '1', 'DE', 'container', '', 'pe-footer', '', 565, 1, 0, 0, -1, 1, 0, '1549227868', 'mwienands', 'mwienands', 1),
(114, 1, '113', 'DE', 'container', '', 'overlay-80 h100', '', 570, 1, 0, 0, -1, 1, 0, '1549227872', 'mwienands', 'mwienands', 1),
(115, 1, '114', 'DE', 'row', '', 'pe-autobreak pb-5', 'padding:20px;', 575, 1, 0, 0, -1, 1, 0, '1549227878', 'mwienands', 'mwienands', 1),
(116, 1, '115', 'DE', 'column', '', '', '', 580, 1, 0, 0, -1, 1, 0, '1549271674', 'mwienands', 'mwienands', 1),
(117, 1, '115', 'DE', 'column', '', '', '', 585, 1, 0, 0, -1, 1, 0, '1549276911', 'mwienands', 'mwienands', 1),
(118, 1, '115', 'DE', 'column', '', '', '', 590, 1, 0, 0, -1, 1, 0, '1549276925', 'mwienands', 'mwienands', 1),
(119, 1, '118', 'DE', 'custom', '', '', '', 600, 1, 0, 0, -1, 1, 0, '1549228065', 'mwienands', 'mwienands', 0),
(120, 1, '118', 'DE', 'text_image', '', 'mt-5 mb-5', '', 595, 1, 0, 0, -1, 1, 0, '1549228076', 'mwienands', 'mwienands', 0),
(121, 1, '117', 'DE', 'text_image', '', 'mt-5 mb-5', '', 605, 1, 0, 0, -1, 1, 0, '1549227984', 'mwienands', 'mwienands', 0),
(122, 1, '116', 'DE', 'fixed_aspect_image', '', '', 'padding-bottom:75%; background-size: 60% auto;  cursor:pointer; background-position:top;', 615, 1, 0, 0, -1, 1, 0, '1549231926', 'mwienands', 'mwienands', 0),
(123, 1, '116', 'DE', 'text_image', '', 'mt-5 mb-5', '', 610, 1, 0, 0, -1, 1, 0, '1549228086', 'mwienands', 'mwienands', 0),
(124, 1, '117', 'DE', 'text_image', '', '', '', 620, 1, 0, 0, -1, 1, 0, '1549227840', 'mwienands', 'mwienands', 0),
(125, 1, '', 'DE', 'preloader', '', '', '', 5, 1, 0, 0, -1, 1, 0, '1549274802', 'mwienands', 'mwienands', 1),
(126, 1, '', 'DE', 'container', '', 'pe-stickymenu core-stick-top', 'box-shadow: 0px 0px 25px 10px rgba(0,0,0,0.3);', 10, 1, 0, 0, -1, 1, 0, '1549277876', 'mwienands', 'mwienands', 1),
(127, 1, '126', 'DE', 'row', '', 'pe-autobreak', '', 635, 1, 0, 0, -1, 1, 0, '1549273573', 'mwienands', 'mwienands', 0),
(128, 1, '127', 'DE', 'column', '', 'text-left', '', 640, 1, 0, 0, -1, 1, 0, '1549274989', 'mwienands', 'mwienands', 1),
(129, 1, '128', 'DE', 'image', '', '', 'margin:20px; max-height:70px; margin-top:10px;', 645, 1, 0, 0, -1, 1, 0, '1549274994', 'mwienands', 'mwienands', 1),
(130, 1, '127', 'DE', 'column', '', '', '', 650, 1, 0, 0, -1, 1, 0, '1549274359', 'mwienands', 'mwienands', 0),
(131, 1, '130', 'DE', 'row', '', '', 'margin-top:30px;', 655, 1, 0, 0, -1, 1, 0, '1549275007', 'mwienands', 'mwienands', 1),
(132, 1, '131', 'DE', 'column', '', 'text-right', '', 660, 1, 0, 0, -1, 1, 0, '1549275012', 'mwienands', 'mwienands', 1),
(133, 1, '132', 'DE', 'button', '', 'pe-buttonbook', '', 665, 1, 0, 0, -1, 1, 0, '1549275018', 'mwienands', 'mwienands', 1),
(134, 1, '131', 'DE', 'column', '', '', '', 670, 1, 0, 0, -1, 1, 1, '1549280009', 'mwienands', 'mwienands', 1),
(135, 1, '132', 'DE', 'button', '', 'pe-buttonvoucher', '', 675, 1, 0, 0, -1, 1, 0, '1549275028', 'mwienands', 'mwienands', 1),
(136, 1, '127', 'DE', 'column', '', 'text-right', 'padding-right:20px; color: black !important; padding-top:20px;', 680, 1, 0, 0, -1, 1, 0, '1549276160', 'mwienands', 'mwienands', 1),
(137, 1, '136', 'DE', 'custom', '', '', '', 685, 1, 0, 0, -1, 1, 0, '1549275926', 'mwienands', 'mwienands', 1),
(138, 3, '', 'DE', 'container', '', '', '', 690, 1, 0, 0, -1, 1, 0, '1549285654', 'mwienands', 'mwienands', 0),
(139, 3, '138', 'DE', 'row', '', 'pe-autobreak', '', 700, 1, 0, 0, -1, 1, 1, '1549285800', 'mwienands', 'mwienands', 0),
(140, 3, '138', 'DE', 'row', '', 'pe-autobreak mt-4', 'padding:20px;', 695, 1, 0, 0, -1, 1, 0, '1549285791', 'mwienands', 'mwienands', 0),
(141, 3, '140', 'DE', 'column', '', '', '', 705, 1, 0, 0, -1, 1, 0, '1549285792', 'mwienands', 'mwienands', 0),
(142, 3, '141', 'DE', 'text_image', '', '', '', 710, 1, 0, 0, -1, 1, 0, '1549285792', 'mwienands', 'mwienands', 0),
(143, 3, '138', 'DE', 'row', '', 'pe-autobreak mt-4', 'padding:20px;', 715, 1, 0, 0, -1, 1, 0, '1549285808', 'mwienands', 'mwienands', 0),
(144, 3, '143', 'DE', 'column', '', '', '', 720, 1, 0, 0, -1, 1, 0, '1549285808', 'mwienands', 'mwienands', 0),
(145, 3, '144', 'DE', 'text_image', '', '', '', 725, 1, 0, 0, -1, 1, 1, '1549285813', 'mwienands', 'mwienands', 0),
(146, 3, '144', 'DE', 'custom', '', '', '', 730, 1, 0, 0, -1, 1, 1, '1549287554', 'mwienands', 'mwienands', 0),
(147, 3, '144', 'DE', 'carousel', '', '', '', 735, 1, 0, 0, -1, 1, 1, '1549288120', 'mwienands', 'mwienands', 0),
(148, 3, '147', 'DE', 'carousel_slide', '', '', '', 740, 0, 0, 0, -1, 1, 1, '1549288120', 'mwienands', 'mwienands', 0),
(149, 3, '147', 'DE', 'carousel_slide', '', '', '', 745, 0, 0, 0, -1, 1, 1, '1549288120', 'mwienands', 'mwienands', 0),
(150, 3, '144', 'DE', 'carousel', '', '', '', 860, 1, 0, 0, -1, 1, 1, '1549364732', 'mwienands', 'mwienands', 0),
(151, 3, '150', 'DE', 'carousel_slide', '', '', '', 755, 0, 0, 0, -1, 1, 1, '1549364731', 'mwienands', 'mwienands', 0),
(152, 3, '138', 'DE', 'row', '', 'pe-autobreak', '', 760, 1, 0, 0, -1, 1, 0, '1549467392', 'mwienands', 'mwienands', 0),
(153, 3, '152', 'DE', 'column', '', '', '', 765, 1, 0, 0, -1, 1, 0, '1549288329', 'mwienands', 'mwienands', 0),
(154, 3, '152', 'DE', 'column', '', '', '', 770, 1, 0, 0, -1, 1, 0, '1549288340', 'mwienands', 'mwienands', 0),
(155, 3, '152', 'DE', 'column', '', '', '', 775, 1, 0, 0, -1, 1, 0, '1549288341', 'mwienands', 'mwienands', 0),
(156, 3, '153', 'DE', 'card', '', 'pe-flug', 'color:black;', 780, 1, 0, 0, -1, 1, 0, '1549466538', 'mwienands', 'mwienands', 0),
(157, 3, '156', 'DE', 'fixed_aspect_image', '', '', '', 785, 1, 0, 0, -1, 1, 1, '1549288543', 'mwienands', 'mwienands', 0),
(158, 3, '156', 'DE', 'card_body', '', '', '', 790, 1, 0, 0, -1, 1, 0, '1549288427', 'mwienands', 'mwienands', 0),
(159, 3, '158', 'DE', 'card_title', '', 'pe-h', '', 795, 1, 0, 0, -1, 1, 0, '1549288520', 'mwienands', 'mwienands', 0),
(160, 3, '158', 'DE', 'text_image', '', '', '', 800, 1, 0, 0, -1, 1, 0, '1549288427', 'mwienands', 'mwienands', 0),
(161, 3, '156', 'DE', 'button', '', 'pe-buttonbook m-3 pe-selectbutton', '', 805, 1, 0, 0, -1, 1, 0, '1549370430', 'mwienands', 'mwienands', 0),
(162, 3, '154', 'DE', 'card', '', '', 'color:black;', 810, 1, 0, 0, -1, 1, 1, '1549370153', 'mwienands', 'mwienands', 0),
(163, 3, '162', 'DE', 'card_body', '', '', '', 815, 1, 0, 0, -1, 1, 1, '1549370153', 'mwienands', 'mwienands', 0),
(164, 3, '163', 'DE', 'card_title', '', 'pe-h', '', 820, 1, 0, 0, -1, 1, 1, '1549370153', 'mwienands', 'mwienands', 0),
(165, 3, '163', 'DE', 'text_image', '', '', '', 825, 1, 0, 0, -1, 1, 1, '1549370153', 'mwienands', 'mwienands', 0),
(166, 3, '162', 'DE', 'button', '', 'pe-buttonbook m-3', '', 830, 1, 0, 0, -1, 1, 1, '1549370153', 'mwienands', 'mwienands', 0),
(167, 3, '155', 'DE', 'card', '', '', 'color:black;', 835, 1, 0, 0, -1, 1, 1, '1549370157', 'mwienands', 'mwienands', 0),
(168, 3, '167', 'DE', 'card_body', '', '', '', 840, 1, 0, 0, -1, 1, 1, '1549370157', 'mwienands', 'mwienands', 0),
(169, 3, '168', 'DE', 'card_title', '', 'pe-h', '', 845, 1, 0, 0, -1, 1, 1, '1549370157', 'mwienands', 'mwienands', 0),
(170, 3, '168', 'DE', 'text_image', '', '', '', 850, 1, 0, 0, -1, 1, 1, '1549370157', 'mwienands', 'mwienands', 0),
(171, 3, '167', 'DE', 'button', '', 'pe-buttonbook m-3', '', 855, 1, 0, 0, -1, 1, 1, '1549370157', 'mwienands', 'mwienands', 0),
(172, 3, '144', 'DE', 'text_image', '', 'mt-5 mb-2', '', 750, 1, 0, 0, -1, 1, 0, '1549288861', 'mwienands', 'mwienands', 0),
(173, 3, '144', 'DE', 'custom', '', '', '', 865, 1, 0, 0, -1, 1, 1, '1549289286', 'mwienands', 'mwienands', 0),
(174, 3, '144', 'DE', 'custom', '', '', '', 870, 1, 0, 0, -1, 1, 1, '1549289937', 'mwienands', 'mwienands', 0),
(175, 3, '144', 'DE', 'custom', '', '', '', 875, 1, 0, 0, -1, 1, 1, '1549370653', 'mwienands', 'mwienands', 0),
(176, 3, '154', 'DE', 'card', '', 'pe-flug', 'color:black;', 880, 1, 0, 0, -1, 1, 0, '1549466549', 'mwienands', 'mwienands', 0),
(177, 3, '176', 'DE', 'card_body', '', '', '', 885, 1, 0, 0, -1, 1, 0, '1549370167', 'mwienands', 'mwienands', 0),
(178, 3, '177', 'DE', 'card_title', '', 'pe-h', '', 890, 1, 0, 0, -1, 1, 0, '1549370167', 'mwienands', 'mwienands', 0),
(179, 3, '177', 'DE', 'text_image', '', '', '', 895, 1, 0, 0, -1, 1, 0, '1549370167', 'mwienands', 'mwienands', 0),
(180, 3, '176', 'DE', 'button', '', 'pe-buttonbook m-3 pe-selectbutton', '', 900, 1, 0, 0, -1, 1, 0, '1549466803', 'mwienands', 'mwienands', 0),
(181, 3, '155', 'DE', 'card', '', 'pe-flug', 'color:black;', 905, 1, 0, 0, -1, 1, 0, '1549466558', 'mwienands', 'mwienands', 0),
(182, 3, '181', 'DE', 'card_body', '', '', '', 910, 1, 0, 0, -1, 1, 0, '1549370169', 'mwienands', 'mwienands', 0),
(183, 3, '182', 'DE', 'card_title', '', 'pe-h', '', 915, 1, 0, 0, -1, 1, 0, '1549370169', 'mwienands', 'mwienands', 0),
(184, 3, '182', 'DE', 'text_image', '', '', '', 920, 1, 0, 0, -1, 1, 0, '1549370169', 'mwienands', 'mwienands', 0),
(185, 3, '181', 'DE', 'button', '', 'pe-buttonbook m-3 pe-selectbutton', '', 925, 1, 0, 0, -1, 1, 0, '1549466822', 'mwienands', 'mwienands', 0),
(186, 3, '144', 'DE', 'text_image', '', 'mt-5 mb-2', '', 930, 1, 0, 0, -1, 1, 1, '1549467574', 'mwienands', 'mwienands', 0),
(187, 3, '240', 'DE', 'carousel_columns', '', '', 'height:500px;', 935, 1, 0, 0, -1, 1, 0, '1549465283', 'mwienands', 'mwienands', 0),
(188, 3, '187', 'DE', 'carousel_column_group', '', 'mt-5', '', 940, 0, 0, 0, -1, 1, 0, '1549465268', 'mwienands', 'mwienands', 0),
(189, 3, '188', 'DE', 'column', '', '', '', 945, 1, 0, 0, -1, 1, 0, '1549466152', 'mwienands', 'mwienands', 0),
(190, 3, '189', 'DE', 'card', '', 'pe-pilot', '', 950, 1, 0, 0, -1, 1, 0, '1549465734', 'mwienands', 'mwienands', 0),
(191, 3, '190', 'DE', 'fixed_aspect_image', '', '', '', 955, 1, 0, 0, -1, 1, 0, '1549465455', 'mwienands', 'mwienands', 0),
(192, 3, '190', 'DE', 'card_body', '', '', '', 960, 1, 0, 0, -1, 1, 0, '1549465438', 'mwienands', 'mwienands', 0),
(193, 3, '192', 'DE', 'card_title', '', 'pe-h', '', 965, 1, 0, 0, -1, 1, 0, '1549465646', 'mwienands', 'mwienands', 0),
(194, 3, '192', 'DE', 'text_image', '', '', '', 970, 1, 0, 0, -1, 1, 0, '1549465438', 'mwienands', 'mwienands', 0),
(195, 3, '190', 'DE', 'button', '', 'pe-buttonbook m-3 pe-selectpilot', '', 975, 1, 0, 0, -1, 1, 0, '1549465718', 'mwienands', 'mwienands', 0),
(196, 3, '188', 'DE', 'column', '', '', '', 980, 1, 0, 0, -1, 1, 0, '1549466169', 'mwienands', 'mwienands', 0),
(197, 3, '196', 'DE', 'card', '', 'pe-pilot', '', 985, 1, 0, 0, -1, 1, 0, '1549465760', 'mwienands', 'mwienands', 0),
(198, 3, '197', 'DE', 'fixed_aspect_image', '', '', '', 990, 1, 0, 0, -1, 1, 0, '1549465760', 'mwienands', 'mwienands', 0),
(199, 3, '197', 'DE', 'card_body', '', '', '', 995, 1, 0, 0, -1, 1, 0, '1549465760', 'mwienands', 'mwienands', 0),
(200, 3, '199', 'DE', 'card_title', '', 'pe-h', '', 1000, 1, 0, 0, -1, 1, 0, '1549465760', 'mwienands', 'mwienands', 0),
(201, 3, '199', 'DE', 'text_image', '', '', '', 1005, 1, 0, 0, -1, 1, 0, '1549465760', 'mwienands', 'mwienands', 0),
(202, 3, '197', 'DE', 'button', '', 'pe-buttonbook m-3 pe-selectpilot', '', 1010, 1, 0, 0, -1, 1, 0, '1549465760', 'mwienands', 'mwienands', 0),
(203, 3, '188', 'DE', 'column', '', '', '', 1015, 1, 0, 0, -1, 1, 0, '1549466180', 'mwienands', 'mwienands', 0),
(204, 3, '203', 'DE', 'card', '', 'pe-pilot', '', 1020, 1, 0, 0, -1, 1, 0, '1549465762', 'mwienands', 'mwienands', 0),
(205, 3, '204', 'DE', 'fixed_aspect_image', '', '', '', 1025, 1, 0, 0, -1, 1, 0, '1549465762', 'mwienands', 'mwienands', 0),
(206, 3, '204', 'DE', 'card_body', '', '', '', 1030, 1, 0, 0, -1, 1, 0, '1549465762', 'mwienands', 'mwienands', 0),
(207, 3, '206', 'DE', 'card_title', '', 'pe-h', '', 1035, 1, 0, 0, -1, 1, 0, '1549465762', 'mwienands', 'mwienands', 0),
(208, 3, '206', 'DE', 'text_image', '', '', '', 1040, 1, 0, 0, -1, 1, 0, '1549465762', 'mwienands', 'mwienands', 0),
(209, 3, '204', 'DE', 'button', '', 'pe-buttonbook m-3 pe-selectpilot', '', 1045, 1, 0, 0, -1, 1, 0, '1549465762', 'mwienands', 'mwienands', 0),
(210, 3, '188', 'DE', 'column', '', '', '', 1050, 1, 0, 0, -1, 1, 1, '1549466145', 'mwienands', 'mwienands', 0),
(211, 3, '210', 'DE', 'card', '', 'pe-pilot', '', 1055, 1, 0, 0, -1, 1, 1, '1549466145', 'mwienands', 'mwienands', 0),
(212, 3, '211', 'DE', 'fixed_aspect_image', '', '', '', 1060, 1, 0, 0, -1, 1, 1, '1549466145', 'mwienands', 'mwienands', 0),
(213, 3, '211', 'DE', 'card_body', '', '', '', 1065, 1, 0, 0, -1, 1, 1, '1549466145', 'mwienands', 'mwienands', 0),
(214, 3, '213', 'DE', 'card_title', '', 'pe-h', '', 1070, 1, 0, 0, -1, 1, 1, '1549466145', 'mwienands', 'mwienands', 0),
(215, 3, '213', 'DE', 'text_image', '', '', '', 1075, 1, 0, 0, -1, 1, 1, '1549466145', 'mwienands', 'mwienands', 0),
(216, 3, '211', 'DE', 'button', '', 'pe-buttonbook m-3 pe-selectpilot', '', 1080, 1, 0, 0, -1, 1, 1, '1549466145', 'mwienands', 'mwienands', 0),
(217, 3, '187', 'DE', 'carousel_column_group', '', 'mt-5', '', 1085, 0, 0, 0, -1, 1, 0, '1549466229', 'mwienands', 'mwienands', 0),
(218, 3, '217', 'DE', 'column', '', '', '', 1090, 1, 0, 0, -1, 1, 0, '1549466229', 'mwienands', 'mwienands', 0),
(219, 3, '218', 'DE', 'card', '', 'pe-pilot', '', 1095, 1, 0, 0, -1, 1, 0, '1549466229', 'mwienands', 'mwienands', 0),
(220, 3, '219', 'DE', 'fixed_aspect_image', '', '', '', 1100, 1, 0, 0, -1, 1, 0, '1549466229', 'mwienands', 'mwienands', 0),
(221, 3, '219', 'DE', 'card_body', '', '', '', 1105, 1, 0, 0, -1, 1, 0, '1549466229', 'mwienands', 'mwienands', 0),
(222, 3, '221', 'DE', 'card_title', '', 'pe-h', '', 1110, 1, 0, 0, -1, 1, 0, '1549466229', 'mwienands', 'mwienands', 0),
(223, 3, '221', 'DE', 'text_image', '', '', '', 1115, 1, 0, 0, -1, 1, 0, '1549466229', 'mwienands', 'mwienands', 0),
(224, 3, '219', 'DE', 'button', '', 'pe-buttonbook m-3 pe-selectpilot', '', 1120, 1, 0, 0, -1, 1, 0, '1549466229', 'mwienands', 'mwienands', 0),
(225, 3, '217', 'DE', 'column', '', '', '', 1125, 1, 0, 0, -1, 1, 0, '1549466229', 'mwienands', 'mwienands', 0),
(226, 3, '225', 'DE', 'card', '', 'pe-pilot', '', 1130, 1, 0, 0, -1, 1, 0, '1549466229', 'mwienands', 'mwienands', 0),
(227, 3, '226', 'DE', 'fixed_aspect_image', '', '', '', 1135, 1, 0, 0, -1, 1, 0, '1549466229', 'mwienands', 'mwienands', 0),
(228, 3, '226', 'DE', 'card_body', '', '', '', 1140, 1, 0, 0, -1, 1, 0, '1549466229', 'mwienands', 'mwienands', 0),
(229, 3, '228', 'DE', 'card_title', '', 'pe-h', '', 1145, 1, 0, 0, -1, 1, 0, '1549466229', 'mwienands', 'mwienands', 0),
(230, 3, '228', 'DE', 'text_image', '', '', '', 1150, 1, 0, 0, -1, 1, 0, '1549466229', 'mwienands', 'mwienands', 0),
(231, 3, '226', 'DE', 'button', '', 'pe-buttonbook m-3 pe-selectpilot', '', 1155, 1, 0, 0, -1, 1, 0, '1549466229', 'mwienands', 'mwienands', 0),
(232, 3, '217', 'DE', 'column', '', '', '', 1160, 1, 0, 0, -1, 1, 0, '1549466229', 'mwienands', 'mwienands', 0),
(233, 3, '232', 'DE', 'card', '', 'pe-pilot', '', 1165, 1, 0, 0, -1, 1, 0, '1549466229', 'mwienands', 'mwienands', 0),
(234, 3, '233', 'DE', 'fixed_aspect_image', '', '', '', 1170, 1, 0, 0, -1, 1, 0, '1549466229', 'mwienands', 'mwienands', 0),
(235, 3, '233', 'DE', 'card_body', '', '', '', 1175, 1, 0, 0, -1, 1, 0, '1549466229', 'mwienands', 'mwienands', 0),
(236, 3, '235', 'DE', 'card_title', '', 'pe-h', '', 1180, 1, 0, 0, -1, 1, 0, '1549466229', 'mwienands', 'mwienands', 0),
(237, 3, '235', 'DE', 'text_image', '', '', '', 1185, 1, 0, 0, -1, 1, 0, '1549466229', 'mwienands', 'mwienands', 0),
(238, 3, '233', 'DE', 'button', '', 'pe-buttonbook m-3 pe-selectpilot', '', 1190, 1, 0, 0, -1, 1, 0, '1549466229', 'mwienands', 'mwienands', 0),
(239, 3, '138', 'DE', 'row', '', 'pe-autobreak', '', 1205, 1, 0, 0, -1, 1, 0, '1549467431', 'mwienands', 'mwienands', 0),
(240, 3, '239', 'DE', 'column', '', '', '', 1200, 1, 0, 0, -1, 1, 0, '1549467468', 'mwienands', 'mwienands', 0),
(241, 3, '138', 'DE', 'row', '', 'pe-autobreak mt-4', 'padding:20px;', 1195, 1, 0, 0, -1, 1, 0, '1549467551', 'mwienands', 'mwienands', 0),
(242, 3, '241', 'DE', 'column', '', '', '', 1210, 1, 0, 0, -1, 1, 0, '1549467551', 'mwienands', 'mwienands', 0),
(243, 3, '242', 'DE', 'text_image', '', 'mt-5 mb-2', '', 1215, 1, 0, 0, -1, 1, 1, '1549467567', 'mwienands', 'mwienands', 0),
(244, 3, '242', 'DE', 'text_image', '', 'mt-5 mb-2', '', 1220, 1, 0, 0, -1, 1, 0, '1549467551', 'mwienands', 'mwienands', 0),
(245, 3, '138', 'DE', 'row', '', 'pe-autobreak mt-4', 'padding:20px;', 1225, 1, 0, 0, -1, 1, 0, '1549467643', 'mwienands', 'mwienands', 0),
(246, 3, '245', 'DE', 'column', '', '', '', 1230, 1, 0, 0, -1, 1, 0, '1549467643', 'mwienands', 'mwienands', 0),
(247, 3, '246', 'DE', 'text_image', '', 'mt-5 mb-2', '', 1235, 1, 0, 0, -1, 1, 0, '1549467643', 'mwienands', 'mwienands', 0),
(248, 3, '246', 'DE', 'row', '', 'mt-3', '', 1240, 1, 0, 0, -1, 1, 0, '1549468119', 'mwienands', 'mwienands', 0),
(249, 3, '248', 'DE', 'column', '', '', '', 1245, 1, 0, 0, -1, 1, 0, '1549468019', 'mwienands', 'mwienands', 0),
(250, 3, '249', 'DE', 'custom', '', '', '', 1255, 1, 0, 0, -1, 1, 0, '1549468036', 'mwienands', 'mwienands', 0),
(251, 3, '249', 'DE', 'text_image', '', '', '', 1250, 1, 0, 0, -1, 1, 0, '1549468067', 'mwienands', 'mwienands', 0),
(252, 3, '248', 'DE', 'column', '', '', '', 1260, 1, 0, 0, -1, 1, 0, '1549468104', 'mwienands', 'mwienands', 0),
(253, 3, '252', 'DE', 'text_image', '', '', '', 1265, 1, 0, 0, -1, 1, 0, '1549468105', 'mwienands', 'mwienands', 0),
(254, 3, '252', 'DE', 'custom', '', '', '', 1270, 1, 0, 0, -1, 1, 0, '1549468813', 'mwienands', 'mwienands', 0),
(255, 3, '249', 'DE', 'text_image', '', 'mt-2', '', 1275, 1, 0, 0, -1, 1, 0, '1549468917', 'mwienands', 'mwienands', 0),
(256, 3, '249', 'DE', 'custom', '', '', '', 1280, 1, 0, 0, -1, 1, 0, '1549468753', 'mwienands', 'mwienands', 0),
(257, 3, '252', 'DE', 'text_image', '', 'mt-2', '', 1285, 1, 0, 0, -1, 1, 0, '1549468927', 'mwienands', 'mwienands', 0),
(258, 3, '252', 'DE', 'custom', '', '', '', 1290, 1, 0, 0, -1, 1, 0, '1549468866', 'mwienands', 'mwienands', 0);

-- --------------------------------------------------------

--
-- Tabellenstruktur für Tabelle `contentdata`
--

DROP TABLE IF EXISTS `contentdata`;
CREATE TABLE IF NOT EXISTS `contentdata` (
  `cDataUID` int(11) NOT NULL AUTO_INCREMENT,
  `cUID` int(11) NOT NULL,
  `cDataEnum` int(11) NOT NULL,
  `cDataType` varchar(255) COLLATE utf8_bin NOT NULL,
  `cDataContent` text COLLATE utf8_bin NOT NULL,
  `cDataDeleted` tinyint(4) NOT NULL DEFAULT '0',
  PRIMARY KEY (`cDataUID`)
) ENGINE=MyISAM AUTO_INCREMENT=2660 DEFAULT CHARSET=utf8 COLLATE=utf8_bin;

--
-- Daten für Tabelle `contentdata`
--

INSERT INTO `contentdata` (`cDataUID`, `cUID`, `cDataEnum`, `cDataType`, `cDataContent`, `cDataDeleted`) VALUES
(1, 1, 0, 'class', 'container-fluid', 0),
(2, 1, 1, 'class', 'core-nopadding', 0),
(3, 1, 2, 'class', '', 0),
(4, 1, 3, 'class', '', 0),
(5, 1, 4, 'class', '', 0),
(6, 1, 5, 'class', '', 0),
(7, 1, 6, 'class', '', 0),
(8, 1, 7, 'class', '', 0),
(9, 1, 0, 'path', '', 0),
(10, 1, 0, 'animationdata', '', 0),
(11, 1, 1, 'animationdata', '', 0),
(12, 1, 2, 'animationdata', '', 0),
(13, 2, 0, 'class', 'container-fluid', 0),
(14, 2, 1, 'class', 'core-nopadding', 0),
(15, 2, 2, 'class', '', 0),
(16, 2, 3, 'class', '', 0),
(17, 2, 4, 'class', '', 0),
(18, 2, 5, 'class', '', 0),
(19, 2, 6, 'class', 'd-lg-none', 0),
(20, 2, 7, 'class', '', 0),
(21, 2, 0, 'path', '', 0),
(22, 2, 0, 'animationdata', 'fadeInUpBig', 0),
(23, 2, 1, 'animationdata', '1s', 0),
(24, 2, 2, 'animationdata', '600ms', 0),
(25, 3, 0, 'class', 'container-fluid', 0),
(26, 3, 1, 'class', 'core-nopadding', 0),
(27, 3, 2, 'class', '', 0),
(28, 3, 3, 'class', '', 0),
(29, 3, 4, 'class', '', 0),
(30, 3, 5, 'class', '', 0),
(31, 3, 6, 'class', '', 0),
(32, 3, 7, 'class', '', 0),
(33, 3, 0, 'path', '', 0),
(34, 3, 0, 'animationdata', '', 0),
(35, 3, 1, 'animationdata', '', 0),
(36, 3, 2, 'animationdata', '', 0),
(37, 4, 0, 'class', 'no-gutters', 0),
(38, 4, 1, 'class', '', 0),
(39, 4, 2, 'class', '', 0),
(40, 4, 3, 'class', '', 0),
(41, 4, 4, 'class', '', 0),
(42, 4, 5, 'class', '', 0),
(43, 4, 6, 'class', '', 0),
(44, 4, 7, 'class', '', 0),
(45, 4, 0, 'path', '', 0),
(46, 4, 0, 'animationdata', '', 0),
(47, 4, 1, 'animationdata', '', 0),
(48, 4, 2, 'animationdata', '', 0),
(49, 5, 0, 'class', 'col', 0),
(50, 5, 1, 'class', '', 0),
(51, 5, 2, 'class', '', 0),
(52, 5, 3, 'class', '', 0),
(53, 5, 4, 'class', '', 0),
(54, 5, 5, 'class', '', 0),
(55, 5, 6, 'class', '', 0),
(56, 5, 7, 'class', '', 0),
(57, 5, 8, 'class', '', 0),
(58, 5, 9, 'class', '', 0),
(59, 5, 10, 'class', '', 0),
(60, 5, 11, 'class', '', 0),
(61, 5, 12, 'class', '', 0),
(62, 5, 13, 'class', '', 0),
(63, 5, 14, 'class', '', 0),
(64, 5, 0, 'path', '', 0),
(65, 5, 0, 'animationdata', '', 0),
(66, 5, 1, 'animationdata', '', 0),
(67, 5, 2, 'animationdata', '', 0),
(68, 6, 0, 'class', 'col', 0),
(69, 6, 1, 'class', '', 0),
(70, 6, 2, 'class', '', 0),
(71, 6, 3, 'class', '', 0),
(72, 6, 4, 'class', '', 0),
(73, 6, 5, 'class', '', 0),
(74, 6, 6, 'class', '', 0),
(75, 6, 7, 'class', '', 0),
(76, 6, 8, 'class', '', 0),
(77, 6, 9, 'class', '', 0),
(78, 6, 10, 'class', '', 0),
(79, 6, 11, 'class', '', 0),
(80, 6, 12, 'class', '', 0),
(81, 6, 13, 'class', '', 0),
(82, 6, 14, 'class', '', 0),
(83, 6, 0, 'path', '', 0),
(84, 6, 0, 'animationdata', '', 0),
(85, 6, 1, 'animationdata', '', 0),
(86, 6, 2, 'animationdata', '', 0),
(87, 7, 0, 'class', 'btn-custom', 0),
(88, 7, 1, 'class', 'btn-lg', 0),
(89, 7, 2, 'class', 'btn-block', 0),
(90, 7, 0, 'attribute', '', 0),
(91, 7, 0, 'path', '', 0),
(92, 7, 0, 'customselect', 'button', 0),
(93, 7, 1, 'customselect', '', 0),
(94, 7, 0, 'custominput', 'Flug buchen', 0),
(95, 7, 1, 'custominput', '', 0),
(96, 7, 0, 'animationdata', '', 0),
(97, 7, 1, 'animationdata', '', 0),
(98, 7, 2, 'animationdata', '', 0),
(99, 8, 0, 'class', 'btn-custom', 0),
(100, 8, 1, 'class', 'btn-lg', 0),
(101, 8, 2, 'class', 'btn-block', 0),
(102, 8, 0, 'attribute', '', 0),
(103, 8, 0, 'path', '', 0),
(104, 8, 0, 'customselect', 'button', 0),
(105, 8, 1, 'customselect', '', 0),
(106, 8, 0, 'custominput', 'Gutscheine', 0),
(107, 8, 1, 'custominput', '', 0),
(108, 8, 0, 'animationdata', '', 0),
(109, 8, 1, 'animationdata', '', 0),
(110, 8, 2, 'animationdata', '', 0),
(111, 9, 0, 'class', 'no-gutters', 0),
(112, 9, 1, 'class', '', 0),
(113, 9, 2, 'class', '', 0),
(114, 9, 3, 'class', '', 0),
(115, 9, 4, 'class', '', 0),
(116, 9, 5, 'class', '', 0),
(117, 9, 6, 'class', '', 0),
(118, 9, 7, 'class', '', 0),
(119, 9, 0, 'path', '', 0),
(120, 9, 0, 'animationdata', '', 0),
(121, 9, 1, 'animationdata', '', 0),
(122, 9, 2, 'animationdata', '', 0),
(123, 10, 0, 'class', 'col-6', 0),
(124, 10, 1, 'class', 'col-sm-6', 0),
(125, 10, 2, 'class', 'col-md-6', 0),
(126, 10, 3, 'class', 'col-lg-3', 0),
(127, 10, 4, 'class', 'col-xl-3', 0),
(128, 10, 5, 'class', '', 0),
(129, 10, 6, 'class', '', 0),
(130, 10, 7, 'class', '', 0),
(131, 10, 8, 'class', '', 0),
(132, 10, 9, 'class', '', 0),
(133, 10, 10, 'class', '', 0),
(134, 10, 11, 'class', '', 0),
(135, 10, 12, 'class', '', 0),
(136, 10, 13, 'class', '', 0),
(137, 10, 14, 'class', '', 0),
(138, 10, 0, 'path', '', 0),
(139, 10, 0, 'animationdata', 'fadeInDownBig', 0),
(140, 10, 1, 'animationdata', '0.7s', 0),
(141, 10, 2, 'animationdata', '200ms', 0),
(142, 11, 0, 'class', 'col-6', 0),
(143, 11, 1, 'class', 'col-sm-6', 0),
(144, 11, 2, 'class', 'col-md-6', 0),
(145, 11, 3, 'class', 'col-lg-2', 0),
(146, 11, 4, 'class', 'col-xl-2', 0),
(147, 11, 5, 'class', '', 0),
(148, 11, 6, 'class', '', 0),
(149, 11, 7, 'class', '', 0),
(150, 11, 8, 'class', '', 0),
(151, 11, 9, 'class', '', 0),
(152, 11, 10, 'class', '', 0),
(153, 11, 11, 'class', '', 0),
(154, 11, 12, 'class', '', 0),
(155, 11, 13, 'class', '', 0),
(156, 11, 14, 'class', '', 0),
(157, 11, 0, 'path', '', 0),
(158, 11, 0, 'animationdata', 'fadeInDownBig', 0),
(159, 11, 1, 'animationdata', '0.7s', 0),
(160, 11, 2, 'animationdata', '400ms', 0),
(161, 12, 0, 'class', 'col', 0),
(162, 12, 1, 'class', '', 0),
(163, 12, 2, 'class', 'd-none d-lg-block', 0),
(164, 12, 3, 'class', 'col-lg-7', 0),
(165, 12, 4, 'class', 'col-xl-7', 0),
(166, 12, 5, 'class', '', 0),
(167, 12, 6, 'class', '', 0),
(168, 12, 7, 'class', '', 0),
(169, 12, 8, 'class', '', 0),
(170, 12, 9, 'class', '', 0),
(171, 12, 10, 'class', '', 0),
(172, 12, 11, 'class', '', 0),
(173, 12, 12, 'class', '', 0),
(174, 12, 13, 'class', '', 0),
(175, 12, 14, 'class', '', 0),
(176, 12, 0, 'path', '', 0),
(177, 12, 0, 'animationdata', 'fadeInDownBig', 0),
(178, 12, 1, 'animationdata', '1s', 0),
(179, 12, 2, 'animationdata', '800ms', 0),
(180, 13, 0, 'path', '/custom/img/images/mainlogo.png', 0),
(181, 13, 0, 'custominput', '', 0),
(182, 13, 1, 'custominput', '', 0),
(183, 13, 0, 'animationdata', '', 0),
(184, 13, 1, 'animationdata', '', 0),
(185, 13, 2, 'animationdata', '', 0),
(186, 14, 0, 'path', 'menubars.php', 0),
(187, 14, 0, 'animationdata', '', 0),
(188, 14, 1, 'animationdata', '', 0),
(189, 14, 2, 'animationdata', '', 0),
(190, 15, 0, 'class', 'no-gutters', 0),
(191, 15, 1, 'class', '', 0),
(192, 15, 2, 'class', '', 0),
(193, 15, 3, 'class', '', 0),
(194, 15, 4, 'class', '', 0),
(195, 15, 5, 'class', '', 0),
(196, 15, 6, 'class', '', 0),
(197, 15, 7, 'class', '', 0),
(198, 15, 0, 'path', '', 0),
(199, 15, 0, 'animationdata', '', 0),
(200, 15, 1, 'animationdata', '', 0),
(201, 15, 2, 'animationdata', '', 0),
(202, 16, 0, 'class', 'col', 0),
(203, 16, 1, 'class', '', 0),
(204, 16, 2, 'class', '', 0),
(205, 16, 3, 'class', '', 0),
(206, 16, 4, 'class', '', 0),
(207, 16, 5, 'class', '', 0),
(208, 16, 6, 'class', '', 0),
(209, 16, 7, 'class', '', 0),
(210, 16, 8, 'class', '', 0),
(211, 16, 9, 'class', '', 0),
(212, 16, 10, 'class', '', 0),
(213, 16, 11, 'class', '', 0),
(214, 16, 12, 'class', '', 0),
(215, 16, 13, 'class', '', 0),
(216, 16, 14, 'class', '', 0),
(217, 16, 0, 'path', '', 0),
(218, 16, 0, 'animationdata', '', 0),
(219, 16, 1, 'animationdata', '', 0),
(220, 16, 2, 'animationdata', '', 0),
(221, 17, 0, 'class', 'col', 1),
(222, 17, 1, 'class', '', 1),
(223, 17, 2, 'class', '', 1),
(224, 17, 3, 'class', '', 1),
(225, 17, 4, 'class', '', 1),
(226, 17, 5, 'class', '', 1),
(227, 17, 6, 'class', '', 1),
(228, 17, 7, 'class', '', 1),
(229, 17, 8, 'class', '', 1),
(230, 17, 9, 'class', '', 1),
(231, 17, 10, 'class', '', 1),
(232, 17, 11, 'class', '', 1),
(233, 17, 12, 'class', '', 1),
(234, 17, 13, 'class', '', 1),
(235, 17, 14, 'class', '', 1),
(236, 17, 0, 'path', '', 1),
(237, 17, 0, 'animationdata', '', 1),
(238, 17, 1, 'animationdata', '', 1),
(239, 17, 2, 'animationdata', '', 1),
(240, 18, 0, 'class', 'btn-custom', 0),
(241, 18, 1, 'class', 'btn-lg', 0),
(242, 18, 2, 'class', '', 0),
(243, 18, 0, 'attribute', '', 0),
(244, 18, 0, 'path', '', 0),
(245, 18, 0, 'customselect', 'button', 0),
(246, 18, 1, 'customselect', '', 0),
(247, 18, 0, 'custominput', '    Flug buchen    ', 0),
(248, 18, 1, 'custominput', '', 0),
(249, 18, 0, 'animationdata', '', 0),
(250, 18, 1, 'animationdata', '', 0),
(251, 18, 2, 'animationdata', '', 0),
(252, 19, 0, 'class', 'btn-custom', 0),
(253, 19, 1, 'class', 'btn-lg', 0),
(254, 19, 2, 'class', '', 0),
(255, 19, 0, 'attribute', '', 0),
(256, 19, 0, 'path', '', 0),
(257, 19, 0, 'customselect', 'button', 0),
(258, 19, 1, 'customselect', '', 0),
(259, 19, 0, 'custominput', '    Gutscheine    ', 0),
(260, 19, 1, 'custominput', '', 0),
(261, 19, 0, 'animationdata', '', 0),
(262, 19, 1, 'animationdata', '', 0),
(263, 19, 2, 'animationdata', '', 0),
(264, 20, 0, 'class', 'container-fluid', 0),
(265, 20, 1, 'class', 'core-nopadding', 0),
(266, 20, 2, 'class', '', 0),
(267, 20, 3, 'class', '', 0),
(268, 20, 4, 'class', '', 0),
(269, 20, 5, 'class', '', 0),
(270, 20, 6, 'class', '', 0),
(271, 20, 7, 'class', '', 0),
(272, 20, 0, 'path', '', 0),
(273, 20, 0, 'animationdata', '', 0),
(274, 20, 1, 'animationdata', '', 0),
(275, 20, 2, 'animationdata', '', 0),
(276, 21, 0, 'class', 'no-gutters', 0),
(277, 21, 1, 'class', '', 0),
(278, 21, 2, 'class', '', 0),
(279, 21, 3, 'class', '', 0),
(280, 21, 4, 'class', '', 0),
(281, 21, 5, 'class', '', 0),
(282, 21, 6, 'class', '', 0),
(283, 21, 7, 'class', '', 0),
(284, 21, 0, 'path', '', 0),
(285, 21, 0, 'animationdata', '', 0),
(286, 21, 1, 'animationdata', '', 0),
(287, 21, 2, 'animationdata', '', 0),
(288, 22, 0, 'class', 'col', 0),
(289, 22, 1, 'class', '', 0),
(290, 22, 2, 'class', '', 0),
(291, 22, 3, 'class', '', 0),
(292, 22, 4, 'class', '', 0),
(293, 22, 5, 'class', '', 0),
(294, 22, 6, 'class', '', 0),
(295, 22, 7, 'class', '', 0),
(296, 22, 8, 'class', '', 0),
(297, 22, 9, 'class', '', 0),
(298, 22, 10, 'class', '', 0),
(299, 22, 11, 'class', '', 0),
(300, 22, 12, 'class', '', 0),
(301, 22, 13, 'class', '', 0),
(302, 22, 14, 'class', '', 0),
(303, 22, 0, 'path', '/custom/img/images/slideshow1/sl1.jpg', 0),
(304, 22, 0, 'customselect', 'fade', 0),
(305, 22, 1, 'customselect', '1', 0),
(306, 22, 2, 'customselect', '0', 0),
(307, 22, 0, 'custominput', '4000', 0),
(308, 22, 1, 'custominput', '1000', 0),
(309, 22, 2, 'custominput', '', 0),
(310, 22, 0, 'animationdata', '', 0),
(311, 22, 1, 'animationdata', '', 0),
(312, 22, 2, 'animationdata', '', 0),
(313, 23, 0, 'class', 'container-fluid', 0),
(314, 23, 1, 'class', 'core-nopadding', 0),
(315, 23, 2, 'class', '', 0),
(316, 23, 3, 'class', '', 0),
(317, 23, 4, 'class', '', 0),
(318, 23, 5, 'class', '', 0),
(319, 23, 6, 'class', '', 0),
(320, 23, 7, 'class', '', 0),
(321, 23, 0, 'path', '', 0),
(322, 23, 0, 'animationdata', '', 0),
(323, 23, 1, 'animationdata', '', 0),
(324, 23, 2, 'animationdata', '', 0),
(325, 24, 0, 'class', 'container-fluid', 0),
(326, 24, 1, 'class', 'core-nopadding', 0),
(327, 24, 2, 'class', '', 0),
(328, 24, 3, 'class', '', 0),
(329, 24, 4, 'class', '', 0),
(330, 24, 5, 'class', '', 0),
(331, 24, 6, 'class', '', 0),
(332, 24, 7, 'class', '', 0),
(333, 24, 0, 'path', '', 0),
(334, 24, 0, 'animationdata', '', 0),
(335, 24, 1, 'animationdata', '', 0),
(336, 24, 2, 'animationdata', '', 0),
(337, 25, 0, 'class', 'container-fluid', 0),
(338, 25, 1, 'class', 'core-nopadding', 0),
(339, 25, 2, 'class', '', 0),
(340, 25, 3, 'class', '', 0),
(341, 25, 4, 'class', 'd-none d-md-block', 0),
(342, 25, 5, 'class', '', 0),
(343, 25, 6, 'class', '', 0),
(344, 25, 7, 'class', '', 0),
(345, 25, 0, 'path', '', 0),
(346, 25, 0, 'animationdata', '', 0),
(347, 25, 1, 'animationdata', '', 0),
(348, 25, 2, 'animationdata', '', 0),
(349, 26, 0, 'class', 'no-gutters', 0),
(350, 26, 1, 'class', '', 0),
(351, 26, 2, 'class', '', 0),
(352, 26, 3, 'class', '', 0),
(353, 26, 4, 'class', '', 0),
(354, 26, 5, 'class', '', 0),
(355, 26, 6, 'class', '', 0),
(356, 26, 7, 'class', '', 0),
(357, 26, 0, 'path', '', 0),
(358, 26, 0, 'animationdata', '', 0),
(359, 26, 1, 'animationdata', '', 0),
(360, 26, 2, 'animationdata', '', 0),
(361, 27, 0, 'class', 'col', 0),
(362, 27, 1, 'class', '', 0),
(363, 27, 2, 'class', '', 0),
(364, 27, 3, 'class', '', 0),
(365, 27, 4, 'class', '', 0),
(366, 27, 5, 'class', '', 0),
(367, 27, 6, 'class', '', 0),
(368, 27, 7, 'class', '', 0),
(369, 27, 8, 'class', '', 0),
(370, 27, 9, 'class', '', 0),
(371, 27, 10, 'class', '', 0),
(372, 27, 11, 'class', '', 0),
(373, 27, 12, 'class', '', 0),
(374, 27, 13, 'class', '', 0),
(375, 27, 14, 'class', '', 0),
(376, 27, 0, 'path', '', 0),
(377, 27, 0, 'animationdata', '', 0),
(378, 27, 1, 'animationdata', '', 0),
(379, 27, 2, 'animationdata', '', 0),
(380, 28, 0, 'ckeditable', '<h1><span style=\"color:#06ccca;\">Aktuelles von Paragliding Engadin</span></h1>', 0),
(381, 28, 0, 'animationdata', '', 0),
(382, 28, 1, 'animationdata', '', 0),
(383, 28, 2, 'animationdata', '', 0),
(384, 29, 0, 'class', 'no-gutters', 0),
(385, 29, 1, 'class', '', 0),
(386, 29, 2, 'class', '', 0),
(387, 29, 3, 'class', '', 0),
(388, 29, 4, 'class', '', 0),
(389, 29, 5, 'class', '', 0),
(390, 29, 6, 'class', '', 0),
(391, 29, 7, 'class', '', 0),
(392, 29, 0, 'path', '', 0),
(393, 29, 0, 'animationdata', '', 0),
(394, 29, 1, 'animationdata', '', 0),
(395, 29, 2, 'animationdata', '', 0),
(396, 30, 0, 'class', 'col', 0),
(397, 30, 1, 'class', '', 0),
(398, 30, 2, 'class', '', 0),
(399, 30, 3, 'class', '', 0),
(400, 30, 4, 'class', '', 0),
(401, 30, 5, 'class', '', 0),
(402, 30, 6, 'class', '', 0),
(403, 30, 7, 'class', '', 0),
(404, 30, 8, 'class', '', 0),
(405, 30, 9, 'class', '', 0),
(406, 30, 10, 'class', '', 0),
(407, 30, 11, 'class', '', 0),
(408, 30, 12, 'class', '', 0),
(409, 30, 13, 'class', '', 0),
(410, 30, 14, 'class', '', 0),
(411, 30, 0, 'path', '', 0),
(412, 30, 0, 'animationdata', 'fadeInDown', 0),
(413, 30, 1, 'animationdata', '0.7s', 0),
(414, 30, 2, 'animationdata', '200ms', 0),
(415, 31, 0, 'path', '/custom/img/images/placeholder_featured_image.svg', 0),
(416, 31, 0, 'customselect', '56.25', 0),
(417, 31, 1, 'customselect', 'center', 0),
(418, 31, 0, 'custominput', '', 0),
(419, 31, 0, 'animationdata', '', 0),
(420, 31, 1, 'animationdata', '', 0),
(421, 31, 2, 'animationdata', '', 0),
(422, 32, 0, 'ckeditable', '<h2>Jetzt neu: Tandemflüge umsonst&nbsp;</h2><p>Kurze Beschreibung, warum nun alles komplett umsonst ist...&nbsp;</p>', 0),
(423, 32, 0, 'animationdata', '', 0),
(424, 32, 1, 'animationdata', '', 0),
(425, 32, 2, 'animationdata', '', 0),
(426, 33, 0, 'class', 'col', 0),
(427, 33, 1, 'class', 'd-none d-md-block', 0),
(428, 33, 2, 'class', '', 0),
(429, 33, 3, 'class', '', 0),
(430, 33, 4, 'class', '', 0),
(431, 33, 5, 'class', '', 0),
(432, 33, 6, 'class', '', 0),
(433, 33, 7, 'class', '', 0),
(434, 33, 8, 'class', '', 0),
(435, 33, 9, 'class', '', 0),
(436, 33, 10, 'class', '', 0),
(437, 33, 11, 'class', '', 0),
(438, 33, 12, 'class', '', 0),
(439, 33, 13, 'class', '', 0),
(440, 33, 14, 'class', '', 0),
(441, 33, 0, 'path', '', 0),
(442, 33, 0, 'animationdata', 'fadeInDown', 0),
(443, 33, 1, 'animationdata', '0.7s', 0),
(444, 33, 2, 'animationdata', '400ms', 0),
(445, 34, 0, 'path', '/custom/img/images/placeholder_featured_image.svg', 0),
(446, 34, 0, 'customselect', '56.25', 0),
(447, 34, 1, 'customselect', 'center', 0),
(448, 34, 0, 'custominput', '', 0),
(449, 34, 0, 'animationdata', '', 0),
(450, 34, 1, 'animationdata', '', 0),
(451, 34, 2, 'animationdata', '', 0),
(452, 35, 0, 'ckeditable', '<h2>Jetzt neu: Tandemflüge umsonst&nbsp;</h2><p>Kurze Beschreibung, warum nun alles komplett umsonst ist...&nbsp;</p>', 0),
(453, 35, 0, 'animationdata', '', 0),
(454, 35, 1, 'animationdata', '', 0),
(455, 35, 2, 'animationdata', '', 0),
(456, 36, 0, 'class', 'col', 0),
(457, 36, 1, 'class', '', 0),
(458, 36, 2, 'class', 'd-none d-lg-block', 0),
(459, 36, 3, 'class', '', 0),
(460, 36, 4, 'class', '', 0),
(461, 36, 5, 'class', '', 0),
(462, 36, 6, 'class', '', 0),
(463, 36, 7, 'class', '', 0),
(464, 36, 8, 'class', '', 0),
(465, 36, 9, 'class', '', 0),
(466, 36, 10, 'class', '', 0),
(467, 36, 11, 'class', '', 0),
(468, 36, 12, 'class', '', 0),
(469, 36, 13, 'class', '', 0),
(470, 36, 14, 'class', '', 0),
(471, 36, 0, 'path', '', 0),
(472, 36, 0, 'animationdata', 'fadeInDown', 0),
(473, 36, 1, 'animationdata', '0.7s', 0),
(474, 36, 2, 'animationdata', '600ms', 0),
(475, 37, 0, 'path', '/custom/img/images/placeholder_featured_image.svg', 0),
(476, 37, 0, 'customselect', '56.25', 0),
(477, 37, 1, 'customselect', 'center', 0),
(478, 37, 0, 'custominput', '', 0),
(479, 37, 0, 'animationdata', '', 0),
(480, 37, 1, 'animationdata', '', 0),
(481, 37, 2, 'animationdata', '', 0),
(482, 38, 0, 'ckeditable', '<h2>Jetzt neu: Tandemflüge umsonst&nbsp;</h2><p>Kurze Beschreibung, warum nun alles komplett umsonst ist...&nbsp;</p>', 0),
(483, 38, 0, 'animationdata', '', 0),
(484, 38, 1, 'animationdata', '', 0),
(485, 38, 2, 'animationdata', '', 0),
(486, 39, 0, 'class', 'no-gutters', 0),
(487, 39, 1, 'class', '', 0),
(488, 39, 2, 'class', '', 0),
(489, 39, 3, 'class', '', 0),
(490, 39, 4, 'class', '', 0),
(491, 39, 5, 'class', '', 0),
(492, 39, 6, 'class', '', 0),
(493, 39, 7, 'class', '', 0),
(494, 39, 0, 'path', '', 0),
(495, 39, 0, 'animationdata', '', 0),
(496, 39, 1, 'animationdata', '', 0),
(497, 39, 2, 'animationdata', '', 0),
(498, 40, 0, 'class', 'col', 0),
(499, 40, 1, 'class', '', 0),
(500, 40, 2, 'class', '', 0),
(501, 40, 3, 'class', '', 0),
(502, 40, 4, 'class', '', 0),
(503, 40, 5, 'class', '', 0),
(504, 40, 6, 'class', '', 0),
(505, 40, 7, 'class', '', 0),
(506, 40, 8, 'class', '', 0),
(507, 40, 9, 'class', '', 0),
(508, 40, 10, 'class', '', 0),
(509, 40, 11, 'class', '', 0),
(510, 40, 12, 'class', '', 0),
(511, 40, 13, 'class', '', 0),
(512, 40, 14, 'class', '', 0),
(513, 40, 0, 'path', '', 0),
(514, 40, 0, 'animationdata', '', 0),
(515, 40, 1, 'animationdata', '', 0),
(516, 40, 2, 'animationdata', '', 0),
(517, 41, 0, 'path', '/custom/img/images/scrolling_mousewheel.gif', 1),
(518, 41, 0, 'custominput', '', 1),
(519, 41, 1, 'custominput', '', 1),
(520, 41, 0, 'animationdata', '', 1),
(521, 41, 1, 'animationdata', '', 1),
(522, 41, 2, 'animationdata', '', 1),
(523, 42, 0, 'path', 'mouse-icon.php', 0),
(524, 42, 0, 'animationdata', '', 0),
(525, 42, 1, 'animationdata', '', 0),
(526, 42, 2, 'animationdata', '', 0),
(527, 43, 0, 'class', 'container-fluid', 0),
(528, 43, 1, 'class', 'core-nopadding', 0),
(529, 43, 2, 'class', '', 0),
(530, 43, 3, 'class', '', 0),
(531, 43, 4, 'class', '', 0),
(532, 43, 5, 'class', '', 0),
(533, 43, 6, 'class', '', 0),
(534, 43, 7, 'class', '', 0),
(535, 43, 0, 'path', '', 0),
(536, 43, 0, 'animationdata', '', 0),
(537, 43, 1, 'animationdata', '', 0),
(538, 43, 2, 'animationdata', '', 0),
(539, 44, 0, 'class', 'no-gutters', 0),
(540, 44, 1, 'class', '', 0),
(541, 44, 2, 'class', '', 0),
(542, 44, 3, 'class', '', 0),
(543, 44, 4, 'class', '', 0),
(544, 44, 5, 'class', '', 0),
(545, 44, 6, 'class', '', 0),
(546, 44, 7, 'class', '', 0),
(547, 44, 0, 'path', '', 0),
(548, 44, 0, 'animationdata', '', 0),
(549, 44, 1, 'animationdata', '', 0),
(550, 44, 2, 'animationdata', '', 0),
(551, 45, 0, 'class', 'col', 0),
(552, 45, 1, 'class', '', 0),
(553, 45, 2, 'class', 'd-none d-lg-block', 0),
(554, 45, 3, 'class', 'col-lg-4', 0),
(555, 45, 4, 'class', 'col-xl-3', 0),
(556, 45, 5, 'class', '', 0),
(557, 45, 6, 'class', '', 0),
(558, 45, 7, 'class', '', 0),
(559, 45, 8, 'class', '', 0),
(560, 45, 9, 'class', '', 0),
(561, 45, 10, 'class', '', 0),
(562, 45, 11, 'class', '', 0),
(563, 45, 12, 'class', '', 0),
(564, 45, 13, 'class', '', 0),
(565, 45, 14, 'class', '', 0),
(566, 45, 0, 'path', '', 0),
(567, 45, 0, 'customselect', '100', 0),
(568, 45, 1, 'customselect', '0', 0),
(569, 45, 2, 'customselect', 'center', 0),
(570, 45, 0, 'custominput', '', 0),
(571, 45, 0, 'animationdata', '', 0),
(572, 45, 1, 'animationdata', '', 0),
(573, 45, 2, 'animationdata', '', 0),
(574, 46, 0, 'class', 'col-12', 0),
(575, 46, 1, 'class', 'col-sm-12', 0),
(576, 46, 2, 'class', 'col-md-12', 0),
(577, 46, 3, 'class', 'col-lg-8', 0),
(578, 46, 4, 'class', 'col-xl-9', 0),
(579, 46, 5, 'class', '', 0),
(580, 46, 6, 'class', '', 0),
(581, 46, 7, 'class', '', 0),
(582, 46, 8, 'class', '', 0),
(583, 46, 9, 'class', '', 0),
(584, 46, 10, 'class', '', 0),
(585, 46, 11, 'class', '', 0),
(586, 46, 12, 'class', '', 0),
(587, 46, 13, 'class', '', 0),
(588, 46, 14, 'class', '', 0),
(589, 46, 0, 'path', '', 0),
(590, 46, 0, 'animationdata', '', 0),
(591, 46, 1, 'animationdata', '', 0),
(592, 46, 2, 'animationdata', '', 0),
(593, 47, 0, 'class', 'no-gutters', 1),
(594, 47, 1, 'class', '', 1),
(595, 47, 2, 'class', '', 1),
(596, 47, 3, 'class', '', 1),
(597, 47, 4, 'class', '', 1),
(598, 47, 5, 'class', '', 1),
(599, 47, 6, 'class', '', 1),
(600, 47, 7, 'class', '', 1),
(601, 47, 0, 'path', '', 1),
(602, 47, 0, 'animationdata', '', 1),
(603, 47, 1, 'animationdata', '', 1),
(604, 47, 2, 'animationdata', '', 1),
(605, 48, 0, 'class', 'col', 1),
(606, 48, 1, 'class', '', 1),
(607, 48, 2, 'class', '', 1),
(608, 48, 3, 'class', '', 1),
(609, 48, 4, 'class', '', 1),
(610, 48, 5, 'class', '', 1),
(611, 48, 6, 'class', '', 1),
(612, 48, 7, 'class', '', 1),
(613, 48, 8, 'class', '', 1),
(614, 48, 9, 'class', '', 1),
(615, 48, 10, 'class', '', 1),
(616, 48, 11, 'class', '', 1),
(617, 48, 12, 'class', '', 1),
(618, 48, 13, 'class', '', 1),
(619, 48, 14, 'class', '', 1),
(620, 48, 0, 'path', '', 1),
(621, 48, 0, 'animationdata', '', 1),
(622, 48, 1, 'animationdata', '', 1),
(623, 48, 2, 'animationdata', '', 1),
(624, 49, 0, 'ckeditable', '<h1><br></h1>', 1),
(628, 50, 0, 'class', 'no-gutters', 0),
(625, 49, 0, 'animationdata', '', 1),
(626, 49, 1, 'animationdata', '', 1),
(627, 49, 2, 'animationdata', '', 1),
(629, 50, 0, 'customselect', '100', 0),
(630, 50, 1, 'customselect', '6', 0),
(631, 50, 2, 'customselect', '4', 0),
(632, 50, 3, 'customselect', '3', 0),
(633, 50, 4, 'customselect', '2', 0),
(634, 50, 5, 'customselect', '1', 0),
(635, 50, 0, 'custominput', '995173410545536', 0),
(636, 50, 1, 'custominput', '145407202550348|O4fcoxAX7hT9baoas-_49OFXGlk', 0),
(637, 50, 2, 'custominput', '2', 0),
(638, 50, 3, 'custominput', '2', 0),
(639, 50, 4, 'custominput', '2', 0),
(640, 50, 5, 'custominput', '2', 0),
(641, 50, 6, 'custominput', '3', 0),
(642, 50, 7, 'custominput', 'rgba(66,139,202,1)', 0),
(643, 50, 8, 'custominput', 'rgba(66,139,202,0.7)', 0),
(644, 50, 0, 'animationdata', '', 0),
(645, 50, 1, 'animationdata', '', 0),
(646, 50, 2, 'animationdata', '', 0),
(647, 51, 0, 'class', 'no-gutters', 0),
(648, 51, 1, 'class', '', 0),
(649, 51, 2, 'class', '', 0),
(650, 51, 3, 'class', '', 0),
(651, 51, 4, 'class', '', 0),
(652, 51, 5, 'class', '', 0),
(653, 51, 6, 'class', '', 0),
(654, 51, 7, 'class', '', 0),
(655, 51, 0, 'path', '', 0),
(656, 51, 0, 'animationdata', '', 0),
(657, 51, 1, 'animationdata', '', 0),
(658, 51, 2, 'animationdata', '', 0),
(659, 52, 0, 'class', 'col-6', 0),
(660, 52, 1, 'class', '', 0),
(661, 52, 2, 'class', '', 0),
(662, 52, 3, 'class', '', 0),
(663, 52, 4, 'class', '', 0),
(664, 52, 5, 'class', '', 0),
(665, 52, 6, 'class', '', 0),
(666, 52, 7, 'class', '', 0),
(667, 52, 8, 'class', '', 0),
(668, 52, 9, 'class', '', 0),
(669, 52, 10, 'class', '', 0),
(670, 52, 11, 'class', '', 0),
(671, 52, 12, 'class', '', 0),
(672, 52, 13, 'class', '', 0),
(673, 52, 14, 'class', '', 0),
(674, 52, 0, 'path', '', 0),
(675, 52, 0, 'customselect', '100', 0),
(676, 52, 1, 'customselect', '0', 0),
(677, 52, 2, 'customselect', 'center', 0),
(678, 52, 0, 'custominput', '', 0),
(679, 52, 0, 'animationdata', '', 0),
(680, 52, 1, 'animationdata', '', 0),
(681, 52, 2, 'animationdata', '', 0),
(682, 53, 0, 'class', 'col-6', 0),
(683, 53, 1, 'class', '', 0),
(684, 53, 2, 'class', '', 0),
(685, 53, 3, 'class', '', 0),
(686, 53, 4, 'class', '', 0),
(687, 53, 5, 'class', '', 0),
(688, 53, 6, 'class', '', 0),
(689, 53, 7, 'class', '', 0),
(690, 53, 8, 'class', '', 0),
(691, 53, 9, 'class', '', 0),
(692, 53, 10, 'class', '', 0),
(693, 53, 11, 'class', '', 0),
(694, 53, 12, 'class', '', 0),
(695, 53, 13, 'class', '', 0),
(696, 53, 14, 'class', '', 0),
(697, 53, 0, 'path', '', 0),
(698, 53, 0, 'customselect', '100', 0),
(699, 53, 1, 'customselect', '0', 0),
(700, 53, 2, 'customselect', 'center', 0),
(701, 53, 0, 'custominput', '', 0),
(702, 53, 0, 'animationdata', '', 0),
(703, 53, 1, 'animationdata', '', 0),
(704, 53, 2, 'animationdata', '', 0),
(705, 54, 0, 'class', 'col-6', 0),
(706, 54, 1, 'class', '', 0),
(707, 54, 2, 'class', '', 0),
(708, 54, 3, 'class', '', 0),
(709, 54, 4, 'class', '', 0),
(710, 54, 5, 'class', '', 0),
(711, 54, 6, 'class', '', 0),
(712, 54, 7, 'class', '', 0),
(713, 54, 8, 'class', '', 0),
(714, 54, 9, 'class', '', 0),
(715, 54, 10, 'class', '', 0),
(716, 54, 11, 'class', '', 0),
(717, 54, 12, 'class', '', 0),
(718, 54, 13, 'class', '', 0),
(719, 54, 14, 'class', '', 0),
(720, 54, 0, 'path', '', 0),
(721, 54, 0, 'customselect', '100', 0),
(722, 54, 1, 'customselect', '0', 0),
(723, 54, 2, 'customselect', 'center', 0),
(724, 54, 0, 'custominput', '', 0),
(725, 54, 0, 'animationdata', '', 0),
(726, 54, 1, 'animationdata', '', 0),
(727, 54, 2, 'animationdata', '', 0),
(728, 55, 0, 'class', 'col-6', 0),
(729, 55, 1, 'class', '', 0),
(730, 55, 2, 'class', '', 0),
(731, 55, 3, 'class', '', 0),
(732, 55, 4, 'class', '', 0),
(733, 55, 5, 'class', '', 0),
(734, 55, 6, 'class', '', 0),
(735, 55, 7, 'class', '', 0),
(736, 55, 8, 'class', '', 0),
(737, 55, 9, 'class', '', 0),
(738, 55, 10, 'class', '', 0),
(739, 55, 11, 'class', '', 0),
(740, 55, 12, 'class', '', 0),
(741, 55, 13, 'class', '', 0),
(742, 55, 14, 'class', '', 0),
(743, 55, 0, 'path', '', 0),
(744, 55, 0, 'customselect', '100', 0),
(745, 55, 1, 'customselect', '0', 0),
(746, 55, 2, 'customselect', 'center', 0),
(747, 55, 0, 'custominput', '', 0),
(748, 55, 0, 'animationdata', '', 0),
(749, 55, 1, 'animationdata', '', 0),
(750, 55, 2, 'animationdata', '', 0),
(751, 56, 0, 'class', 'container-fluid', 0),
(752, 56, 1, 'class', 'core-nopadding', 0),
(753, 56, 2, 'class', '', 0),
(754, 56, 3, 'class', '', 0),
(755, 56, 4, 'class', '', 0),
(756, 56, 5, 'class', '', 0),
(757, 56, 6, 'class', '', 0),
(758, 56, 7, 'class', '', 0),
(759, 56, 0, 'path', '', 0),
(760, 56, 0, 'animationdata', '', 0),
(761, 56, 1, 'animationdata', '', 0),
(762, 56, 2, 'animationdata', '', 0),
(763, 57, 0, 'class', 'no-gutters', 0),
(764, 57, 1, 'class', '', 0),
(765, 57, 2, 'class', '', 0),
(766, 57, 3, 'class', '', 0),
(767, 57, 4, 'class', '', 0),
(768, 57, 5, 'class', '', 0),
(769, 57, 6, 'class', '', 0),
(770, 57, 7, 'class', '', 0),
(771, 57, 0, 'path', '', 0),
(772, 57, 0, 'animationdata', '', 0),
(773, 57, 1, 'animationdata', '', 0),
(774, 57, 2, 'animationdata', '', 0),
(775, 58, 0, 'class', 'col', 0),
(776, 58, 1, 'class', '', 0),
(777, 58, 2, 'class', '', 0),
(778, 58, 3, 'class', '', 0),
(779, 58, 4, 'class', '', 0),
(780, 58, 5, 'class', '', 0),
(781, 58, 6, 'class', '', 0),
(782, 58, 7, 'class', '', 0),
(783, 58, 8, 'class', '', 0),
(784, 58, 9, 'class', '', 0),
(785, 58, 10, 'class', '', 0),
(786, 58, 11, 'class', '', 0),
(787, 58, 12, 'class', '', 0),
(788, 58, 13, 'class', '', 0),
(789, 58, 14, 'class', '', 0),
(790, 58, 0, 'path', '', 0),
(791, 58, 0, 'animationdata', '', 0),
(792, 58, 1, 'animationdata', '', 0),
(793, 58, 2, 'animationdata', '', 0),
(794, 59, 0, 'attribute', 'loop autoplay', 0),
(795, 59, 1, 'attribute', 'muted', 0),
(796, 59, 2, 'attribute', '', 0),
(797, 59, 0, 'path', '', 0),
(798, 59, 1, 'path', '', 0),
(799, 59, 2, 'path', '/custom/img/images/videos/ESTM_2018_WINTERFILM.mp4', 0),
(800, 59, 0, 'customselect', '0.6', 0),
(801, 59, 1, 'customselect', '50', 0),
(802, 59, 0, 'custominput', '70vh', 0),
(803, 59, 0, 'animationdata', '', 0),
(804, 59, 1, 'animationdata', '', 0),
(805, 59, 2, 'animationdata', '', 0),
(806, 60, 0, 'class', 'container-fluid', 0),
(807, 60, 1, 'class', 'core-nopadding', 0),
(808, 60, 2, 'class', '', 0),
(809, 60, 3, 'class', '', 0),
(810, 60, 4, 'class', '', 0),
(811, 60, 5, 'class', '', 0),
(812, 60, 6, 'class', '', 0),
(813, 60, 7, 'class', '', 0),
(814, 60, 0, 'path', '', 0),
(815, 60, 0, 'animationdata', '', 0),
(816, 60, 1, 'animationdata', '', 0),
(817, 60, 2, 'animationdata', '', 0),
(818, 61, 0, 'class', 'no-gutters', 0),
(819, 61, 1, 'class', '', 0),
(820, 61, 2, 'class', '', 0),
(821, 61, 3, 'class', '', 0),
(822, 61, 4, 'class', '', 0),
(823, 61, 5, 'class', '', 0),
(824, 61, 6, 'class', '', 0),
(825, 61, 7, 'class', '', 0),
(826, 61, 0, 'path', '', 0),
(827, 61, 0, 'animationdata', '', 0),
(828, 61, 1, 'animationdata', '', 0),
(829, 61, 2, 'animationdata', '', 0),
(830, 62, 0, 'class', 'col', 0),
(831, 62, 1, 'class', '', 0),
(832, 62, 2, 'class', '', 0),
(833, 62, 3, 'class', '', 0),
(834, 62, 4, 'class', '', 0),
(835, 62, 5, 'class', '', 0),
(836, 62, 6, 'class', '', 0),
(837, 62, 7, 'class', '', 0),
(838, 62, 8, 'class', '', 0),
(839, 62, 9, 'class', '', 0),
(840, 62, 10, 'class', '', 0),
(841, 62, 11, 'class', '', 0),
(842, 62, 12, 'class', '', 0),
(843, 62, 13, 'class', '', 0),
(844, 62, 14, 'class', '', 0),
(845, 62, 0, 'path', '', 0),
(846, 62, 0, 'animationdata', '', 0),
(847, 62, 1, 'animationdata', '', 0),
(848, 62, 2, 'animationdata', '', 0),
(849, 63, 0, 'ckeditable', '<h1><span style=\"color:#06ccca\">Buchen &amp; Geniessen</span></h1>', 0),
(850, 63, 0, 'animationdata', '', 0),
(851, 63, 1, 'animationdata', '', 0),
(852, 63, 2, 'animationdata', '', 0),
(853, 64, 0, 'class', 'no-gutters', 0),
(854, 64, 1, 'class', '', 0),
(855, 64, 2, 'class', '', 0),
(856, 64, 3, 'class', '', 0),
(857, 64, 4, 'class', '', 0),
(858, 64, 5, 'class', '', 0),
(859, 64, 6, 'class', '', 0),
(860, 64, 7, 'class', '', 0),
(861, 64, 0, 'path', '', 0),
(862, 64, 0, 'animationdata', '', 0),
(863, 64, 1, 'animationdata', '', 0),
(864, 64, 2, 'animationdata', '', 0),
(865, 65, 0, 'ckeditable', 'placeholder', 1),
(866, 65, 0, 'animationdata', '', 1),
(867, 65, 1, 'animationdata', '', 1),
(868, 65, 2, 'animationdata', '', 1),
(869, 66, 0, 'ckeditable', '<p><!--{cke_protected}%3Ci%20class%3D%22fab%20fa-facebook-square%22%20style%3D%22color%3Awhite%3B%20font-size%3A30pt%3B%22%3E--><!--{cke_protected}%3C%2Fi%3E--><br></p>', 1),
(870, 66, 0, 'animationdata', '', 1),
(871, 66, 1, 'animationdata', '', 1),
(872, 66, 2, 'animationdata', '', 1),
(873, 67, 0, 'path', 'facebook.php', 0),
(874, 67, 0, 'animationdata', '', 0),
(875, 67, 1, 'animationdata', '', 0),
(876, 67, 2, 'animationdata', '', 0),
(877, 68, 0, 'path', 'instagram.php', 0),
(878, 68, 0, 'animationdata', '', 0),
(879, 68, 1, 'animationdata', '', 0),
(880, 68, 2, 'animationdata', '', 0),
(881, 69, 0, 'path', 'youtube.php', 0),
(882, 69, 0, 'animationdata', '', 0),
(883, 69, 1, 'animationdata', '', 0),
(884, 69, 2, 'animationdata', '', 0),
(885, 70, 0, 'path', 'gallery.php', 0),
(886, 70, 0, 'animationdata', '', 0),
(887, 70, 1, 'animationdata', '', 0),
(888, 70, 2, 'animationdata', '', 0),
(889, 71, 0, 'class', 'col', 0),
(890, 71, 1, 'class', '', 0),
(891, 71, 2, 'class', '', 0),
(892, 71, 3, 'class', 'col-lg-8', 0),
(893, 71, 4, 'class', 'col-xl-8', 0),
(894, 71, 5, 'class', '', 0),
(895, 71, 6, 'class', '', 0),
(896, 71, 7, 'class', '', 0),
(897, 71, 8, 'class', '', 0),
(898, 71, 9, 'class', '', 0),
(899, 71, 10, 'class', '', 0),
(900, 71, 11, 'class', '', 0),
(901, 71, 12, 'class', '', 0),
(902, 71, 13, 'class', '', 0),
(903, 71, 14, 'class', '', 0),
(904, 71, 0, 'path', '', 0),
(905, 71, 0, 'animationdata', '', 0),
(906, 71, 1, 'animationdata', '', 0),
(907, 71, 2, 'animationdata', '', 0),
(908, 72, 0, 'ckeditable', '<h1><span style=\"color:#06ccca\">Frei wie ein Vogel</span></h1><p><br></p><p><span style=\"color:#FFFFFF\">Gönnt Euch oder Euren Liebsten ein unvergessliches Erlebnis - den Wind im Gesicht und die Sicht frei auf das wunderschöne Engadin - streckt Eure Flügel aus!&nbsp;</span></p>', 0),
(909, 72, 0, 'animationdata', '', 0),
(910, 72, 1, 'animationdata', '', 0),
(911, 72, 2, 'animationdata', '', 0),
(912, 73, 0, 'class', '', 0),
(1098, 95, 0, 'class', 'container-fluid', 0),
(913, 73, 1, 'class', 'justify-content-center', 0),
(914, 73, 2, 'class', 'align-items-center', 0),
(915, 73, 3, 'class', '', 0),
(916, 73, 4, 'class', '', 0),
(917, 73, 5, 'class', '', 0),
(918, 73, 6, 'class', '', 0),
(919, 73, 7, 'class', '', 0),
(920, 73, 0, 'path', '', 0),
(921, 73, 0, 'animationdata', '', 0),
(922, 73, 1, 'animationdata', '', 0),
(923, 73, 2, 'animationdata', '', 0),
(924, 74, 0, 'class', 'col-11', 0),
(925, 74, 1, 'class', 'col-sm-11', 0),
(926, 74, 2, 'class', 'col-md-6', 0),
(927, 74, 3, 'class', 'col-lg-4', 0),
(928, 74, 4, 'class', 'col-xl-3', 0),
(929, 74, 5, 'class', '', 0),
(930, 74, 6, 'class', '', 0),
(931, 74, 7, 'class', '', 0),
(932, 74, 8, 'class', '', 0),
(933, 74, 9, 'class', '', 0),
(934, 74, 10, 'class', '', 0),
(935, 74, 11, 'class', '', 0),
(936, 74, 12, 'class', '', 0),
(937, 74, 13, 'class', '', 0),
(938, 74, 14, 'class', '', 0),
(939, 74, 0, 'path', '', 0),
(940, 74, 0, 'animationdata', 'slideInLeft', 0),
(941, 74, 1, 'animationdata', '0.7s', 0),
(942, 74, 2, 'animationdata', '200ms', 0),
(943, 75, 0, 'class', 'col-11', 0),
(944, 75, 1, 'class', 'col-sm-11', 0),
(945, 75, 2, 'class', 'col-md-6', 0),
(946, 75, 3, 'class', 'col-lg-4', 0),
(947, 75, 4, 'class', 'col-xl-3', 0),
(948, 75, 5, 'class', '', 0),
(949, 75, 6, 'class', '', 0),
(950, 75, 7, 'class', '', 0),
(951, 75, 8, 'class', '', 0),
(952, 75, 9, 'class', '', 0),
(953, 75, 10, 'class', '', 0),
(954, 75, 11, 'class', '', 0),
(955, 75, 12, 'class', '', 0),
(956, 75, 13, 'class', '', 0),
(957, 75, 14, 'class', '', 0),
(958, 75, 0, 'path', '', 0),
(959, 75, 0, 'animationdata', 'fadeInDown', 0),
(960, 75, 1, 'animationdata', '1s', 0),
(961, 75, 2, 'animationdata', '600ms', 0),
(962, 76, 0, 'class', 'col-11', 0),
(963, 76, 1, 'class', 'col-sm-11', 0),
(964, 76, 2, 'class', 'col-md-6', 0),
(965, 76, 3, 'class', 'col-lg-4', 0),
(966, 76, 4, 'class', 'col-xl-3', 0),
(967, 76, 5, 'class', '', 0),
(968, 76, 6, 'class', '', 0),
(969, 76, 7, 'class', '', 0),
(970, 76, 8, 'class', '', 0),
(971, 76, 9, 'class', '', 0),
(972, 76, 10, 'class', '', 0),
(973, 76, 11, 'class', '', 0),
(974, 76, 12, 'class', '', 0),
(975, 76, 13, 'class', '', 0),
(976, 76, 14, 'class', '', 0),
(977, 76, 0, 'path', '', 0),
(978, 76, 0, 'animationdata', 'fadeInRight', 0),
(979, 76, 1, 'animationdata', '0.7s', 0),
(980, 76, 2, 'animationdata', '200ms', 0),
(981, 77, 0, 'class', 'text-center', 0),
(982, 77, 0, 'animationdata', '', 0),
(983, 77, 1, 'animationdata', '', 0),
(984, 77, 2, 'animationdata', '', 0),
(985, 78, 0, 'path', '/custom/img/images/26992564_1743029865759883_1682032868117890126_n.jpg', 0),
(986, 78, 0, 'customselect', '75', 0),
(987, 78, 1, 'customselect', 'center', 0),
(988, 78, 0, 'custominput', '', 0),
(989, 78, 0, 'animationdata', '', 0),
(990, 78, 1, 'animationdata', '', 0),
(991, 78, 2, 'animationdata', '', 0),
(992, 79, 0, 'class', 'text-center', 0),
(993, 79, 0, 'animationdata', '', 0),
(994, 79, 1, 'animationdata', '', 0),
(995, 79, 2, 'animationdata', '', 0),
(996, 80, 0, 'ckeditable', '<p>Ruhig und&nbsp;genussvoll - findet oft morgens oder abends statt.</p><ul><li style=\"text-align:left\">Dauer: ca. 10-15 Min.</li><li style=\"text-align:left\">Startplätze: Muottas Muragl, Alp Languard, Corvatsch-Murtel</li></ul><h4>ab CHF 180</h4>', 0),
(997, 80, 0, 'animationdata', '', 0),
(998, 80, 1, 'animationdata', '', 0),
(999, 80, 2, 'animationdata', '', 0),
(1000, 81, 0, 'customselect', '1', 0),
(1001, 81, 1, 'customselect', 'h3', 0),
(1002, 81, 2, 'customselect', 'h6', 0),
(1003, 81, 0, 'custominput', 'Abgleiter', 0),
(1004, 81, 1, 'custominput', 'Start in die 3. Dimension', 0),
(1005, 81, 0, 'animationdata', '', 0),
(1006, 81, 1, 'animationdata', '', 0),
(1007, 81, 2, 'animationdata', '', 0),
(1008, 82, 0, 'class', 'btn-custom', 0),
(1009, 82, 1, 'class', 'btn-lg', 0),
(1010, 82, 2, 'class', '', 0),
(1011, 82, 0, 'attribute', '', 0),
(1012, 82, 0, 'path', '', 0),
(1013, 82, 0, 'customselect', 'button', 0),
(1014, 82, 1, 'customselect', '', 0),
(1015, 82, 0, 'custominput', 'Jetzt buchen', 0),
(1016, 82, 1, 'custominput', '', 0),
(1017, 82, 0, 'animationdata', '', 0),
(1018, 82, 1, 'animationdata', '', 0),
(1019, 82, 2, 'animationdata', '', 0),
(1020, 83, 0, 'class', 'text-center', 0),
(1021, 83, 0, 'animationdata', '', 0),
(1022, 83, 1, 'animationdata', '', 0),
(1023, 83, 2, 'animationdata', '', 0),
(1024, 84, 0, 'path', '/custom/img/images/1_edit.jpg', 0),
(1025, 84, 0, 'customselect', '75', 0),
(1026, 84, 1, 'customselect', 'center', 0),
(1027, 84, 0, 'custominput', '', 0),
(1028, 84, 0, 'animationdata', '', 0),
(1029, 84, 1, 'animationdata', '', 0),
(1030, 84, 2, 'animationdata', '', 0),
(1031, 85, 0, 'class', 'text-center', 0),
(1032, 85, 0, 'animationdata', '', 0),
(1033, 85, 1, 'animationdata', '', 0),
(1034, 85, 2, 'animationdata', '', 0),
(1035, 86, 0, 'customselect', '1', 0),
(1036, 86, 1, 'customselect', 'h3', 0),
(1037, 86, 2, 'customselect', 'h6', 0),
(1038, 86, 0, 'custominput', 'Standardflug', 0),
(1039, 86, 1, 'custominput', 'Hoch hinaus mit Thermik', 0),
(1040, 86, 0, 'animationdata', '', 0),
(1041, 86, 1, 'animationdata', '', 0),
(1042, 86, 2, 'animationdata', '', 0),
(1043, 87, 0, 'ckeditable', '<p style=\"text-align:left\">Wir überhöhen im Aufwind&nbsp;den Startplatz und fliegen mit Raubvögeln um die Wette.</p><ul><li style=\"text-align:left\">Dauer: ca. 10-40 Min.</li><li style=\"text-align:left\">Startplätze: Muottas Muragl, Alp Languard, Corvatsch- Murtel, Piz Corvatsch</li></ul><h4>ab CHF 200</h4>', 0),
(1044, 87, 0, 'animationdata', '', 0),
(1045, 87, 1, 'animationdata', '', 0),
(1046, 87, 2, 'animationdata', '', 0),
(1047, 88, 0, 'class', 'btn-custom', 0),
(1048, 88, 1, 'class', 'btn-lg', 0),
(1049, 88, 2, 'class', '', 0),
(1050, 88, 0, 'attribute', '', 0),
(1051, 88, 0, 'path', '', 0),
(1052, 88, 0, 'customselect', 'button', 0),
(1053, 88, 1, 'customselect', '', 0),
(1054, 88, 0, 'custominput', 'Jetzt buchen', 0),
(1055, 88, 1, 'custominput', '', 0),
(1056, 88, 0, 'animationdata', '', 0),
(1057, 88, 1, 'animationdata', '', 0),
(1058, 88, 2, 'animationdata', '', 0),
(1059, 89, 0, 'class', 'text-center', 0),
(1060, 89, 0, 'animationdata', '', 0),
(1061, 89, 1, 'animationdata', '', 0),
(1062, 89, 2, 'animationdata', '', 0),
(1063, 90, 0, 'path', '/custom/img/images/36176280_1918248058238062_2583501404970680320_o.jpg', 0),
(1064, 90, 0, 'customselect', '75', 0),
(1065, 90, 1, 'customselect', 'center', 0),
(1066, 90, 0, 'custominput', '', 0),
(1067, 90, 0, 'animationdata', '', 0),
(1068, 90, 1, 'animationdata', '', 0),
(1069, 90, 2, 'animationdata', '', 0),
(1070, 91, 0, 'class', 'text-center', 0),
(1071, 91, 0, 'animationdata', '', 0),
(1072, 91, 1, 'animationdata', '', 0),
(1073, 91, 2, 'animationdata', '', 0),
(1074, 92, 0, 'customselect', '1', 0),
(1075, 92, 1, 'customselect', 'h3', 0),
(1076, 92, 2, 'customselect', 'h6', 0),
(1077, 92, 0, 'custominput', 'Rundflug', 0),
(1078, 92, 1, 'custominput', 'Die luftige Krönung', 0),
(1079, 92, 0, 'animationdata', '', 0),
(1080, 92, 1, 'animationdata', '', 0),
(1081, 92, 2, 'animationdata', '', 0),
(1082, 93, 0, 'ckeditable', '<p style=\"text-align:left\">Falls es die Thermik erlaubt, lassen wir den Hausberg hinter uns und begeben uns auf einen Spaziergang&nbsp;von Aufwind zu Aufwind.</p><ul><li style=\"text-align:left\">Dauer: ca. 40 + Min.</li><li style=\"text-align:left\">Startplätze: Startplätze: Muottas Muragl, Alp Languard, Corvatsch- Murtel, Piz Corvatsch</li></ul><h4>ab CHF 240</h4>', 0),
(1083, 93, 0, 'animationdata', '', 0),
(1084, 93, 1, 'animationdata', '', 0),
(1085, 93, 2, 'animationdata', '', 0),
(1086, 94, 0, 'class', 'btn-custom', 0),
(1087, 94, 1, 'class', 'btn-lg', 0),
(1088, 94, 2, 'class', '', 0),
(1089, 94, 0, 'attribute', '', 0),
(1090, 94, 0, 'path', '', 0),
(1091, 94, 0, 'customselect', 'button', 0),
(1092, 94, 1, 'customselect', '', 0),
(1093, 94, 0, 'custominput', 'Jetzt buchen', 0),
(1094, 94, 1, 'custominput', '', 0),
(1095, 94, 0, 'animationdata', '', 0),
(1096, 94, 1, 'animationdata', '', 0),
(1097, 94, 2, 'animationdata', '', 0),
(1099, 95, 1, 'class', 'core-nopadding', 0),
(1100, 95, 2, 'class', '', 0),
(1101, 95, 3, 'class', '', 0),
(1102, 95, 4, 'class', '', 0),
(1103, 95, 5, 'class', '', 0),
(1104, 95, 6, 'class', '', 0),
(1105, 95, 7, 'class', '', 0),
(1106, 95, 0, 'path', '', 0),
(1107, 95, 0, 'animationdata', '', 0),
(1108, 95, 1, 'animationdata', '', 0),
(1109, 95, 2, 'animationdata', '', 0),
(1110, 96, 0, 'class', 'no-gutters', 0),
(1111, 96, 1, 'class', '', 0),
(1112, 96, 2, 'class', '', 0),
(1113, 96, 3, 'class', '', 0),
(1114, 96, 4, 'class', '', 0),
(1115, 96, 5, 'class', '', 0),
(1116, 96, 6, 'class', '', 0),
(1117, 96, 7, 'class', '', 0),
(1118, 96, 0, 'path', '', 0),
(1119, 96, 0, 'animationdata', '', 0),
(1120, 96, 1, 'animationdata', '', 0),
(1121, 96, 2, 'animationdata', '', 0),
(1122, 97, 0, 'class', 'col', 0),
(1123, 97, 1, 'class', '', 0),
(1124, 97, 2, 'class', '', 0),
(1125, 97, 3, 'class', '', 0),
(1126, 97, 4, 'class', '', 0),
(1127, 97, 5, 'class', '', 0),
(1128, 97, 6, 'class', '', 0),
(1129, 97, 7, 'class', '', 0),
(1130, 97, 8, 'class', '', 0),
(1131, 97, 9, 'class', '', 0),
(1132, 97, 10, 'class', '', 0),
(1133, 97, 11, 'class', '', 0),
(1134, 97, 12, 'class', '', 0),
(1135, 97, 13, 'class', '', 0),
(1136, 97, 14, 'class', '', 0),
(1137, 97, 0, 'path', '', 0),
(1138, 97, 0, 'animationdata', '', 0),
(1139, 97, 1, 'animationdata', '', 0),
(1140, 97, 2, 'animationdata', '', 0),
(1141, 98, 0, 'ckeditable', '<h1><span style=\"color:#06ccca\">Gut zu wissen...</span></h1>', 0),
(1142, 98, 0, 'animationdata', '', 0),
(1143, 98, 1, 'animationdata', '', 0),
(1144, 98, 2, 'animationdata', '', 0),
(1145, 99, 0, 'class', 'no-gutters', 0),
(1146, 99, 1, 'class', '', 0),
(1147, 99, 2, 'class', '', 0),
(1148, 99, 3, 'class', '', 0),
(1149, 99, 4, 'class', '', 0),
(1150, 99, 5, 'class', '', 0),
(1151, 99, 6, 'class', '', 0),
(1152, 99, 7, 'class', '', 0),
(1153, 99, 0, 'path', '', 0),
(1154, 99, 0, 'animationdata', 'fadeInUp', 0),
(1155, 99, 1, 'animationdata', '0.7s', 0),
(1156, 99, 2, 'animationdata', '400ms', 0),
(1157, 100, 0, 'class', 'col-12', 0),
(1158, 100, 1, 'class', 'col-sm-12', 0),
(1159, 100, 2, 'class', 'col-md-12', 0),
(1160, 100, 3, 'class', 'col-lg-6', 0),
(1161, 100, 4, 'class', '', 0),
(1162, 100, 5, 'class', '', 0),
(1163, 100, 6, 'class', '', 0),
(1164, 100, 7, 'class', '', 0),
(1165, 100, 8, 'class', '', 0),
(1166, 100, 9, 'class', '', 0),
(1167, 100, 10, 'class', '', 0),
(1168, 100, 11, 'class', '', 0),
(1169, 100, 12, 'class', '', 0),
(1170, 100, 13, 'class', '', 0),
(1171, 100, 14, 'class', '', 0),
(1172, 100, 0, 'path', '', 0),
(1173, 100, 0, 'animationdata', '', 0),
(1174, 100, 1, 'animationdata', '', 0),
(1175, 100, 2, 'animationdata', '', 0),
(1176, 101, 0, 'class', 'col-12', 0),
(1177, 101, 1, 'class', 'col-sm-12', 0),
(1178, 101, 2, 'class', 'col-md-12', 0),
(1179, 101, 3, 'class', 'col-lg-6', 0),
(1180, 101, 4, 'class', '', 0),
(1181, 101, 5, 'class', '', 0),
(1182, 101, 6, 'class', '', 0),
(1183, 101, 7, 'class', '', 0),
(1184, 101, 8, 'class', '', 0),
(1185, 101, 9, 'class', '', 0),
(1186, 101, 10, 'class', '', 0),
(1187, 101, 11, 'class', '', 0),
(1188, 101, 12, 'class', '', 0),
(1189, 101, 13, 'class', '', 0),
(1190, 101, 14, 'class', '', 0),
(1191, 101, 0, 'path', '', 0),
(1192, 101, 0, 'animationdata', '', 0),
(1193, 101, 1, 'animationdata', '', 0),
(1194, 101, 2, 'animationdata', '', 0),
(1195, 102, 0, 'class', 'no-gutters', 0),
(1196, 102, 1, 'class', '', 0),
(1197, 102, 2, 'class', '', 0),
(1198, 102, 3, 'class', '', 0),
(1199, 102, 4, 'class', '', 0),
(1200, 102, 5, 'class', '', 0),
(1201, 102, 6, 'class', '', 0),
(1202, 102, 7, 'class', '', 0),
(1203, 102, 0, 'path', '', 0),
(1204, 102, 0, 'animationdata', '', 0),
(1205, 102, 1, 'animationdata', '', 0),
(1206, 102, 2, 'animationdata', '', 0),
(1207, 103, 0, 'class', 'col-12', 0),
(1208, 103, 1, 'class', '', 0),
(1209, 103, 2, 'class', '', 0),
(1210, 103, 3, 'class', '', 0),
(1211, 103, 4, 'class', '', 0),
(1212, 103, 5, 'class', '', 0),
(1213, 103, 6, 'class', '', 0),
(1214, 103, 7, 'class', '', 0),
(1215, 103, 8, 'class', '', 0),
(1216, 103, 9, 'class', '', 0),
(1217, 103, 10, 'class', '', 0),
(1218, 103, 11, 'class', '', 0),
(1219, 103, 12, 'class', '', 0),
(1220, 103, 13, 'class', '', 0),
(1221, 103, 14, 'class', '', 0),
(1222, 103, 0, 'path', '/custom/img/images/50250685_393684841375692_3521471465838870528_o.jpg', 0),
(1223, 103, 0, 'customselect', '50', 0),
(1224, 103, 1, 'customselect', '0', 0),
(1225, 103, 2, 'customselect', 'center', 0),
(1226, 103, 0, 'custominput', '', 0),
(1227, 103, 0, 'animationdata', '', 0),
(1228, 103, 1, 'animationdata', '', 0),
(1229, 103, 2, 'animationdata', '', 0),
(1230, 104, 0, 'class', 'col-12', 0),
(1231, 104, 1, 'class', '', 0),
(1232, 104, 2, 'class', '', 0),
(1233, 104, 3, 'class', '', 0),
(1234, 104, 4, 'class', '', 0),
(1235, 104, 5, 'class', '', 0),
(1236, 104, 6, 'class', '', 0),
(1237, 104, 7, 'class', '', 0),
(1238, 104, 8, 'class', '', 0),
(1239, 104, 9, 'class', '', 0),
(1240, 104, 10, 'class', '', 0),
(1241, 104, 11, 'class', '', 0),
(1242, 104, 12, 'class', '', 0),
(1243, 104, 13, 'class', '', 0),
(1244, 104, 14, 'class', '', 0),
(1245, 104, 0, 'path', '', 0),
(1246, 104, 0, 'customselect', '50', 0),
(1247, 104, 1, 'customselect', '0', 0),
(1248, 104, 2, 'customselect', 'center', 0),
(1249, 104, 0, 'custominput', '', 0),
(1250, 104, 0, 'animationdata', '', 0),
(1251, 104, 1, 'animationdata', '', 0),
(1252, 104, 2, 'animationdata', '', 0),
(1253, 105, 0, 'class', 'no-gutters', 0),
(1254, 105, 1, 'class', '', 0),
(1255, 105, 2, 'class', '', 0),
(1256, 105, 3, 'class', '', 0),
(1257, 105, 4, 'class', '', 0),
(1258, 105, 5, 'class', '', 0),
(1259, 105, 6, 'class', '', 0),
(1260, 105, 7, 'class', '', 0),
(1261, 105, 0, 'path', '', 0),
(1262, 105, 0, 'animationdata', '', 0),
(1263, 105, 1, 'animationdata', '', 0),
(1264, 105, 2, 'animationdata', '', 0),
(1265, 106, 0, 'class', 'col-12', 0),
(1266, 106, 1, 'class', 'col-sm-12', 0),
(1267, 106, 2, 'class', 'col-md-6', 0),
(1268, 106, 3, 'class', '', 0),
(1269, 106, 4, 'class', '', 0),
(1270, 106, 5, 'class', '', 0),
(1271, 106, 6, 'class', '', 0),
(1272, 106, 7, 'class', '', 0),
(1273, 106, 8, 'class', '', 0),
(1274, 106, 9, 'class', '', 0),
(1275, 106, 10, 'class', '', 0),
(1276, 106, 11, 'class', '', 0),
(1277, 106, 12, 'class', '', 0),
(1278, 106, 13, 'class', '', 0),
(1279, 106, 14, 'class', '', 0),
(1280, 106, 0, 'path', '', 0),
(1281, 106, 0, 'customselect', '100', 0),
(1282, 106, 1, 'customselect', '0', 0),
(1283, 106, 2, 'customselect', 'center', 0),
(1284, 106, 0, 'custominput', '', 0),
(1285, 106, 0, 'animationdata', '', 0),
(1286, 106, 1, 'animationdata', '', 0),
(1287, 106, 2, 'animationdata', '', 0),
(1288, 107, 0, 'class', 'col-12', 0),
(1289, 107, 1, 'class', 'col-sm-12', 0),
(1290, 107, 2, 'class', 'col-md-6', 0),
(1291, 107, 3, 'class', '', 0),
(1292, 107, 4, 'class', '', 0),
(1293, 107, 5, 'class', '', 0),
(1294, 107, 6, 'class', '', 0),
(1295, 107, 7, 'class', '', 0),
(1296, 107, 8, 'class', '', 0),
(1297, 107, 9, 'class', '', 0),
(1298, 107, 10, 'class', '', 0),
(1299, 107, 11, 'class', '', 0),
(1300, 107, 12, 'class', '', 0),
(1301, 107, 13, 'class', '', 0),
(1302, 107, 14, 'class', '', 0),
(1303, 107, 0, 'path', '/custom/img/images/48420222_381394112604765_4936181887245746176_o.jpg', 0),
(1304, 107, 0, 'customselect', '100', 0),
(1305, 107, 1, 'customselect', '0', 0),
(1306, 107, 2, 'customselect', 'center', 0),
(1307, 107, 0, 'custominput', '', 0),
(1308, 107, 0, 'animationdata', '', 0),
(1309, 107, 1, 'animationdata', '', 0),
(1310, 107, 2, 'animationdata', '', 0),
(1311, 108, 0, 'class', 'col-12', 0),
(1312, 108, 1, 'class', 'col-sm-12', 0),
(1313, 108, 2, 'class', 'col-md-6', 0),
(1314, 108, 3, 'class', '', 0),
(1315, 108, 4, 'class', '', 0),
(1316, 108, 5, 'class', '', 0),
(1317, 108, 6, 'class', '', 0),
(1318, 108, 7, 'class', '', 0),
(1319, 108, 8, 'class', '', 0),
(1320, 108, 9, 'class', '', 0),
(1321, 108, 10, 'class', '', 0),
(1322, 108, 11, 'class', '', 0),
(1323, 108, 12, 'class', '', 0),
(1324, 108, 13, 'class', '', 0),
(1325, 108, 14, 'class', '', 0),
(1326, 108, 0, 'path', '/custom/img/images/Davide.jpg', 0),
(1327, 108, 0, 'customselect', '100', 0),
(1328, 108, 1, 'customselect', '0', 0),
(1329, 108, 2, 'customselect', 'center', 0),
(1330, 108, 0, 'custominput', '', 0),
(1331, 108, 0, 'animationdata', '', 0),
(1332, 108, 1, 'animationdata', '', 0),
(1333, 108, 2, 'animationdata', '', 0),
(1334, 109, 0, 'class', 'col-12', 0),
(1335, 109, 1, 'class', 'col-sm-12', 0),
(1336, 109, 2, 'class', 'col-md-6', 0),
(1337, 109, 3, 'class', '', 0),
(1338, 109, 4, 'class', '', 0),
(1339, 109, 5, 'class', '', 0),
(1340, 109, 6, 'class', '', 0),
(1341, 109, 7, 'class', '', 0),
(1342, 109, 8, 'class', '', 0),
(1343, 109, 9, 'class', '', 0),
(1344, 109, 10, 'class', '', 0),
(1345, 109, 11, 'class', '', 0),
(1346, 109, 12, 'class', '', 0),
(1347, 109, 13, 'class', '', 0),
(1348, 109, 14, 'class', '', 0),
(1349, 109, 0, 'path', '', 0),
(1350, 109, 0, 'customselect', '100', 0),
(1351, 109, 1, 'customselect', '0', 0),
(1352, 109, 2, 'customselect', 'center', 0),
(1353, 109, 0, 'custominput', '', 0),
(1354, 109, 0, 'animationdata', '', 0),
(1355, 109, 1, 'animationdata', '', 0),
(1356, 109, 2, 'animationdata', '', 0),
(1357, 110, 0, 'ckeditable', '<h3><span style=\"color:#06ccca\">F.A.Q.S</span></h3><p><span style=\"color:#000000;\"><span style=\"font-size: 1rem;\">Wir beantworten Eure meistgestellten Fragen...</span></span></p>', 0),
(1358, 110, 0, 'animationdata', '', 0),
(1359, 110, 1, 'animationdata', '', 0),
(1360, 110, 2, 'animationdata', '', 0),
(1361, 111, 0, 'ckeditable', '<h3><span style=\"color:#06ccca\">Piloten</span></h3><p><span style=\"color:#000000;\"><span style=\"font-size: 1rem;\">Ihr wollt wissen, wer Euch<br>die dritte Dimension zeigt?</span></span></p>', 0),
(1362, 111, 0, 'animationdata', '', 0),
(1363, 111, 1, 'animationdata', '', 0),
(1364, 111, 2, 'animationdata', '', 0),
(1365, 112, 0, 'ckeditable', '<h3><span style=\"color:#06ccca\">Fluggebiete</span></h3><p><span style=\"color:#000000;\"><span style=\"font-size: 1rem;\">Wo wir Euch in<br>​​​​​​​die Luft befördern...</span></span></p>', 0),
(1366, 112, 0, 'animationdata', '', 0),
(1367, 112, 1, 'animationdata', '', 0),
(1368, 112, 2, 'animationdata', '', 0),
(1369, 113, 0, 'class', 'container-fluid', 0),
(1370, 113, 1, 'class', 'core-nopadding', 0),
(1371, 113, 2, 'class', '', 0),
(1372, 113, 3, 'class', '', 0),
(1373, 113, 4, 'class', '', 0),
(1374, 113, 5, 'class', '', 0),
(1375, 113, 6, 'class', '', 0),
(1376, 113, 7, 'class', '', 0),
(1377, 113, 0, 'path', '/custom/img/images/en_landschaft_winter.jpg', 0),
(1378, 113, 0, 'animationdata', '', 0),
(1379, 113, 1, 'animationdata', '', 0),
(1380, 113, 2, 'animationdata', '', 0),
(1381, 114, 0, 'class', 'container-fluid', 0),
(1382, 114, 1, 'class', 'core-nopadding', 0),
(1383, 114, 2, 'class', '', 0),
(1384, 114, 3, 'class', '', 0),
(1385, 114, 4, 'class', '', 0),
(1386, 114, 5, 'class', '', 0),
(1387, 114, 6, 'class', '', 0),
(1388, 114, 7, 'class', '', 0),
(1389, 114, 0, 'path', '', 0),
(1390, 114, 0, 'animationdata', '', 0),
(1391, 114, 1, 'animationdata', '', 0),
(1392, 114, 2, 'animationdata', '', 0),
(1393, 115, 0, 'class', 'no-gutters', 0),
(1394, 115, 1, 'class', '', 0),
(1395, 115, 2, 'class', '', 0),
(1396, 115, 3, 'class', '', 0),
(1397, 115, 4, 'class', '', 0),
(1398, 115, 5, 'class', '', 0),
(1399, 115, 6, 'class', '', 0),
(1400, 115, 7, 'class', '', 0),
(1401, 115, 0, 'path', '', 0),
(1402, 115, 0, 'animationdata', '', 0),
(1403, 115, 1, 'animationdata', '', 0),
(1404, 115, 2, 'animationdata', '', 0),
(1405, 116, 0, 'class', 'col', 0),
(1406, 116, 1, 'class', 'd-none d-md-block', 0),
(1407, 116, 2, 'class', 'col-md-4', 0),
(1408, 116, 3, 'class', 'col-lg-4', 0),
(1409, 116, 4, 'class', 'col-xl-4', 0),
(1410, 116, 5, 'class', '', 0),
(1411, 116, 6, 'class', '', 0),
(1412, 116, 7, 'class', '', 0),
(1413, 116, 8, 'class', '', 0),
(1414, 116, 9, 'class', '', 0),
(1415, 116, 10, 'class', '', 0),
(1416, 116, 11, 'class', '', 0),
(1417, 116, 12, 'class', '', 0),
(1418, 116, 13, 'class', '', 0),
(1419, 116, 14, 'class', '', 0),
(1420, 116, 0, 'path', '', 0),
(1421, 116, 0, 'animationdata', 'fadeIn', 0),
(1422, 116, 1, 'animationdata', '0.7s', 0),
(1423, 116, 2, 'animationdata', '200ms', 0),
(1424, 117, 0, 'class', 'col-12', 0),
(1425, 117, 1, 'class', 'col-sm-12', 0),
(1426, 117, 2, 'class', 'col-md-4', 0),
(1427, 117, 3, 'class', 'col-lg-4', 0);
INSERT INTO `contentdata` (`cDataUID`, `cUID`, `cDataEnum`, `cDataType`, `cDataContent`, `cDataDeleted`) VALUES
(1428, 117, 4, 'class', 'col-xl-4', 0),
(1429, 117, 5, 'class', '', 0),
(1430, 117, 6, 'class', '', 0),
(1431, 117, 7, 'class', '', 0),
(1432, 117, 8, 'class', '', 0),
(1433, 117, 9, 'class', '', 0),
(1434, 117, 10, 'class', '', 0),
(1435, 117, 11, 'class', '', 0),
(1436, 117, 12, 'class', '', 0),
(1437, 117, 13, 'class', '', 0),
(1438, 117, 14, 'class', '', 0),
(1439, 117, 0, 'path', '', 0),
(1440, 117, 0, 'animationdata', 'fadeIn', 0),
(1441, 117, 1, 'animationdata', '0.7s', 0),
(1442, 117, 2, 'animationdata', '400ms', 0),
(1443, 118, 0, 'class', 'col-12', 0),
(1444, 118, 1, 'class', 'col-sm-12', 0),
(1445, 118, 2, 'class', 'col-md-4', 0),
(1446, 118, 3, 'class', 'col-lg-4', 0),
(1447, 118, 4, 'class', 'col-xl-4', 0),
(1448, 118, 5, 'class', '', 0),
(1449, 118, 6, 'class', '', 0),
(1450, 118, 7, 'class', '', 0),
(1451, 118, 8, 'class', '', 0),
(1452, 118, 9, 'class', '', 0),
(1453, 118, 10, 'class', '', 0),
(1454, 118, 11, 'class', '', 0),
(1455, 118, 12, 'class', '', 0),
(1456, 118, 13, 'class', '', 0),
(1457, 118, 14, 'class', '', 0),
(1458, 118, 0, 'path', '', 0),
(1459, 118, 0, 'animationdata', 'fadeIn', 0),
(1460, 118, 1, 'animationdata', '0.7s', 0),
(1461, 118, 2, 'animationdata', '600ms', 0),
(1462, 119, 0, 'path', 'mobile-bottom.php', 0),
(1463, 119, 0, 'animationdata', '', 0),
(1464, 119, 1, 'animationdata', '', 0),
(1465, 119, 2, 'animationdata', '', 0),
(1466, 120, 0, 'ckeditable', '<h3 style=\"text-align: center;\"><span style=\"color:#06ccca\">Get in touch</span></h3>', 0),
(1467, 120, 0, 'animationdata', '', 0),
(1468, 120, 1, 'animationdata', '', 0),
(1469, 120, 2, 'animationdata', '', 0),
(1470, 121, 0, 'ckeditable', '<h3 style=\"text-align: center;\"><span style=\"color:#06ccca\">Information</span></h3>', 0),
(1471, 121, 0, 'animationdata', '', 0),
(1472, 121, 1, 'animationdata', '', 0),
(1473, 121, 2, 'animationdata', '', 0),
(1474, 122, 0, 'path', '/custom/img/images/karte.png', 0),
(1475, 122, 0, 'customselect', '75', 0),
(1476, 122, 1, 'customselect', 'center', 0),
(1477, 122, 0, 'custominput', 'https://goo.gl/maps/cWgE2dakGrq', 0),
(1478, 122, 0, 'animationdata', '', 0),
(1479, 122, 1, 'animationdata', '', 0),
(1480, 122, 2, 'animationdata', '', 0),
(1481, 123, 0, 'ckeditable', '<h3 style=\"text-align:center\"><span style=\"color:#06ccca\">Location</span></h3>', 0),
(1482, 123, 0, 'animationdata', '', 0),
(1483, 123, 1, 'animationdata', '', 0),
(1484, 123, 2, 'animationdata', '', 0),
(1485, 124, 0, 'ckeditable', '<p style=\"text-align: center;\"><span style=\"color:#FFFFFF\">Datenschutz</span></p><p style=\"text-align: center;\"><span style=\"color:#FFFFFF\">Impressum</span></p>', 0),
(1486, 124, 0, 'animationdata', '', 0),
(1487, 124, 1, 'animationdata', '', 0),
(1488, 124, 2, 'animationdata', '', 0),
(1489, 125, 0, 'customselect', '', 0),
(1490, 125, 1, 'customselect', 'bootstrap spinner', 0),
(1491, 125, 0, 'custominput', '', 0),
(1492, 125, 1, 'custominput', '', 0),
(1493, 125, 0, 'animationdata', '', 0),
(1494, 125, 1, 'animationdata', '', 0),
(1495, 125, 2, 'animationdata', '', 0),
(1496, 126, 0, 'class', 'container-fluid', 0),
(1497, 126, 1, 'class', 'core-nopadding', 0),
(1498, 126, 2, 'class', '', 0),
(1499, 126, 3, 'class', '', 0),
(1500, 126, 4, 'class', '', 0),
(1501, 126, 5, 'class', '', 0),
(1502, 126, 6, 'class', '', 0),
(1503, 126, 7, 'class', '', 0),
(1504, 126, 0, 'path', '', 0),
(1505, 126, 0, 'animationdata', '', 0),
(1506, 126, 1, 'animationdata', '', 0),
(1507, 126, 2, 'animationdata', '', 0),
(1508, 127, 0, 'class', 'no-gutters', 0),
(1509, 127, 1, 'class', '', 0),
(1510, 127, 2, 'class', '', 0),
(1511, 127, 3, 'class', '', 0),
(1512, 127, 4, 'class', '', 0),
(1513, 127, 5, 'class', '', 0),
(1514, 127, 6, 'class', '', 0),
(1515, 127, 7, 'class', '', 0),
(1516, 127, 0, 'path', '', 0),
(1517, 127, 0, 'animationdata', '', 0),
(1518, 127, 1, 'animationdata', '', 0),
(1519, 127, 2, 'animationdata', '', 0),
(1520, 128, 0, 'class', 'col-6', 0),
(1521, 128, 1, 'class', 'col-sm-6', 0),
(1522, 128, 2, 'class', 'col-md-6', 0),
(1523, 128, 3, 'class', 'col-lg-3', 0),
(1524, 128, 4, 'class', 'col-xl-3', 0),
(1525, 128, 5, 'class', '', 0),
(1526, 128, 6, 'class', '', 0),
(1527, 128, 7, 'class', '', 0),
(1528, 128, 8, 'class', '', 0),
(1529, 128, 9, 'class', '', 0),
(1530, 128, 10, 'class', '', 0),
(1531, 128, 11, 'class', '', 0),
(1532, 128, 12, 'class', '', 0),
(1533, 128, 13, 'class', '', 0),
(1534, 128, 14, 'class', '', 0),
(1535, 128, 0, 'path', '', 0),
(1536, 128, 0, 'animationdata', 'fadeInDownBig', 0),
(1537, 128, 1, 'animationdata', '0.7s', 0),
(1538, 128, 2, 'animationdata', '400ms', 0),
(1539, 129, 0, 'path', '/custom/img/images/mainlogo_i.png', 0),
(1540, 129, 0, 'custominput', '', 0),
(1541, 129, 1, 'custominput', '', 0),
(1542, 129, 0, 'animationdata', '', 0),
(1543, 129, 1, 'animationdata', '', 0),
(1544, 129, 2, 'animationdata', '', 0),
(1545, 130, 0, 'class', 'col', 0),
(1546, 130, 1, 'class', '', 0),
(1547, 130, 2, 'class', 'd-none d-lg-block', 0),
(1548, 130, 3, 'class', 'col-lg-7', 0),
(1549, 130, 4, 'class', 'col-xl-7', 0),
(1550, 130, 5, 'class', '', 0),
(1551, 130, 6, 'class', '', 0),
(1552, 130, 7, 'class', '', 0),
(1553, 130, 8, 'class', '', 0),
(1554, 130, 9, 'class', '', 0),
(1555, 130, 10, 'class', '', 0),
(1556, 130, 11, 'class', '', 0),
(1557, 130, 12, 'class', '', 0),
(1558, 130, 13, 'class', '', 0),
(1559, 130, 14, 'class', '', 0),
(1560, 130, 0, 'path', '', 0),
(1561, 130, 0, 'animationdata', 'fadeInDownBig', 0),
(1562, 130, 1, 'animationdata', '0.7s', 0),
(1563, 130, 2, 'animationdata', '200ms', 0),
(1564, 131, 0, 'class', 'no-gutters', 0),
(1565, 131, 1, 'class', '', 0),
(1566, 131, 2, 'class', '', 0),
(1567, 131, 3, 'class', '', 0),
(1568, 131, 4, 'class', '', 0),
(1569, 131, 5, 'class', '', 0),
(1570, 131, 6, 'class', '', 0),
(1571, 131, 7, 'class', '', 0),
(1572, 131, 0, 'path', '', 0),
(1573, 131, 0, 'animationdata', '', 0),
(1574, 131, 1, 'animationdata', '', 0),
(1575, 131, 2, 'animationdata', '', 0),
(1576, 132, 0, 'class', 'col', 0),
(1577, 132, 1, 'class', '', 0),
(1578, 132, 2, 'class', '', 0),
(1579, 132, 3, 'class', '', 0),
(1580, 132, 4, 'class', '', 0),
(1581, 132, 5, 'class', '', 0),
(1582, 132, 6, 'class', '', 0),
(1583, 132, 7, 'class', '', 0),
(1584, 132, 8, 'class', '', 0),
(1585, 132, 9, 'class', '', 0),
(1586, 132, 10, 'class', '', 0),
(1587, 132, 11, 'class', '', 0),
(1588, 132, 12, 'class', '', 0),
(1589, 132, 13, 'class', '', 0),
(1590, 132, 14, 'class', '', 0),
(1591, 132, 0, 'path', '', 0),
(1592, 132, 0, 'animationdata', '', 0),
(1593, 132, 1, 'animationdata', '', 0),
(1594, 132, 2, 'animationdata', '', 0),
(1595, 133, 0, 'class', 'btn-custom', 0),
(1596, 133, 1, 'class', 'btn-lg', 0),
(1597, 133, 2, 'class', '', 0),
(1598, 133, 0, 'attribute', '', 0),
(1599, 133, 0, 'path', '', 0),
(1600, 133, 0, 'customselect', 'button', 0),
(1601, 133, 1, 'customselect', '', 0),
(1602, 133, 0, 'custominput', '    Flug buchen    ', 0),
(1603, 133, 1, 'custominput', '', 0),
(1604, 133, 0, 'animationdata', '', 0),
(1605, 133, 1, 'animationdata', '', 0),
(1606, 133, 2, 'animationdata', '', 0),
(1607, 134, 0, 'class', 'col', 1),
(1608, 134, 1, 'class', '', 1),
(1609, 134, 2, 'class', '', 1),
(1610, 134, 3, 'class', '', 1),
(1611, 134, 4, 'class', '', 1),
(1612, 134, 5, 'class', '', 1),
(1613, 134, 6, 'class', '', 1),
(1614, 134, 7, 'class', '', 1),
(1615, 134, 8, 'class', '', 1),
(1616, 134, 9, 'class', '', 1),
(1617, 134, 10, 'class', '', 1),
(1618, 134, 11, 'class', '', 1),
(1619, 134, 12, 'class', '', 1),
(1620, 134, 13, 'class', '', 1),
(1621, 134, 14, 'class', '', 1),
(1622, 134, 0, 'path', '', 1),
(1623, 134, 0, 'animationdata', '', 1),
(1624, 134, 1, 'animationdata', '', 1),
(1625, 134, 2, 'animationdata', '', 1),
(1626, 135, 0, 'class', 'btn-custom', 0),
(1627, 135, 1, 'class', 'btn-lg', 0),
(1628, 135, 2, 'class', '', 0),
(1629, 135, 0, 'attribute', '', 0),
(1630, 135, 0, 'path', '', 0),
(1631, 135, 0, 'customselect', 'button', 0),
(1632, 135, 1, 'customselect', '', 0),
(1633, 135, 0, 'custominput', '    Gutscheine    ', 0),
(1634, 135, 1, 'custominput', '', 0),
(1635, 135, 0, 'animationdata', '', 0),
(1636, 135, 1, 'animationdata', '', 0),
(1637, 135, 2, 'animationdata', '', 0),
(1638, 136, 0, 'class', 'col-6', 0),
(1639, 136, 1, 'class', 'col-sm-6', 0),
(1640, 136, 2, 'class', 'col-md-6', 0),
(1641, 136, 3, 'class', 'col-lg-2', 0),
(1642, 136, 4, 'class', 'col-xl-2', 0),
(1643, 136, 5, 'class', '', 0),
(1644, 136, 6, 'class', '', 0),
(1645, 136, 7, 'class', '', 0),
(1646, 136, 8, 'class', '', 0),
(1647, 136, 9, 'class', '', 0),
(1648, 136, 10, 'class', '', 0),
(1649, 136, 11, 'class', '', 0),
(1650, 136, 12, 'class', '', 0),
(1651, 136, 13, 'class', '', 0),
(1652, 136, 14, 'class', '', 0),
(1653, 136, 0, 'path', '', 0),
(1654, 136, 0, 'animationdata', 'fadeInDownBig', 0),
(1655, 136, 1, 'animationdata', '0.7s', 0),
(1656, 136, 2, 'animationdata', '200ms', 0),
(1657, 137, 0, 'path', 'menubars_black.php', 0),
(1658, 137, 0, 'animationdata', '', 0),
(1659, 137, 1, 'animationdata', '', 0),
(1660, 137, 2, 'animationdata', '', 0),
(1661, 138, 0, 'class', 'container-fluid', 0),
(1662, 138, 1, 'class', 'core-nopadding', 0),
(1663, 138, 2, 'class', '', 0),
(1664, 138, 3, 'class', '', 0),
(1665, 138, 4, 'class', '', 0),
(1666, 138, 5, 'class', '', 0),
(1667, 138, 6, 'class', '', 0),
(1668, 138, 7, 'class', '', 0),
(1669, 138, 0, 'path', '', 0),
(1670, 138, 0, 'animationdata', '', 0),
(1671, 138, 1, 'animationdata', '', 0),
(1672, 138, 2, 'animationdata', '', 0),
(1673, 139, 0, 'class', 'no-gutters', 1),
(1674, 139, 1, 'class', '', 1),
(1675, 139, 2, 'class', '', 1),
(1676, 139, 3, 'class', '', 1),
(1677, 139, 4, 'class', '', 1),
(1678, 139, 5, 'class', '', 1),
(1679, 139, 6, 'class', '', 1),
(1680, 139, 7, 'class', '', 1),
(1681, 139, 0, 'path', '', 1),
(1682, 139, 0, 'animationdata', '', 1),
(1683, 139, 1, 'animationdata', '', 1),
(1684, 139, 2, 'animationdata', '', 1),
(1685, 140, 0, 'class', 'no-gutters', 0),
(1686, 140, 1, 'class', '', 0),
(1687, 140, 2, 'class', '', 0),
(1688, 140, 3, 'class', '', 0),
(1689, 140, 4, 'class', '', 0),
(1690, 140, 5, 'class', '', 0),
(1691, 140, 6, 'class', '', 0),
(1692, 140, 7, 'class', '', 0),
(1693, 140, 0, 'path', '', 0),
(1694, 140, 0, 'animationdata', '', 0),
(1695, 140, 1, 'animationdata', '', 0),
(1696, 140, 2, 'animationdata', '', 0),
(1697, 141, 0, 'class', 'col', 0),
(1698, 141, 1, 'class', '', 0),
(1699, 141, 2, 'class', '', 0),
(1700, 141, 3, 'class', '', 0),
(1701, 141, 4, 'class', '', 0),
(1702, 141, 5, 'class', '', 0),
(1703, 141, 6, 'class', '', 0),
(1704, 141, 7, 'class', '', 0),
(1705, 141, 8, 'class', '', 0),
(1706, 141, 9, 'class', '', 0),
(1707, 141, 10, 'class', '', 0),
(1708, 141, 11, 'class', '', 0),
(1709, 141, 12, 'class', '', 0),
(1710, 141, 13, 'class', '', 0),
(1711, 141, 14, 'class', '', 0),
(1712, 141, 0, 'path', '', 0),
(1713, 141, 0, 'animationdata', '', 0),
(1714, 141, 1, 'animationdata', '', 0),
(1715, 141, 2, 'animationdata', '', 0),
(1716, 142, 0, 'ckeditable', '<h1><span style=\"color:#06ccca\">Buche Deinen Flug</span></h1>', 0),
(1717, 142, 0, 'animationdata', '', 0),
(1718, 142, 1, 'animationdata', '', 0),
(1719, 142, 2, 'animationdata', '', 0),
(1720, 143, 0, 'class', 'no-gutters', 0),
(1721, 143, 1, 'class', '', 0),
(1722, 143, 2, 'class', '', 0),
(1723, 143, 3, 'class', '', 0),
(1724, 143, 4, 'class', '', 0),
(1725, 143, 5, 'class', '', 0),
(1726, 143, 6, 'class', '', 0),
(1727, 143, 7, 'class', '', 0),
(1728, 143, 0, 'path', '', 0),
(1729, 143, 0, 'animationdata', '', 0),
(1730, 143, 1, 'animationdata', '', 0),
(1731, 143, 2, 'animationdata', '', 0),
(1732, 144, 0, 'class', 'col', 0),
(1733, 144, 1, 'class', '', 0),
(1734, 144, 2, 'class', '', 0),
(1735, 144, 3, 'class', '', 0),
(1736, 144, 4, 'class', '', 0),
(1737, 144, 5, 'class', '', 0),
(1738, 144, 6, 'class', '', 0),
(1739, 144, 7, 'class', '', 0),
(1740, 144, 8, 'class', '', 0),
(1741, 144, 9, 'class', '', 0),
(1742, 144, 10, 'class', '', 0),
(1743, 144, 11, 'class', '', 0),
(1744, 144, 12, 'class', '', 0),
(1745, 144, 13, 'class', '', 0),
(1746, 144, 14, 'class', '', 0),
(1747, 144, 0, 'path', '', 0),
(1748, 144, 0, 'animationdata', '', 0),
(1749, 144, 1, 'animationdata', '', 0),
(1750, 144, 2, 'animationdata', '', 0),
(1751, 145, 0, 'ckeditable', '<h1><span style=\"color:#06ccca;\">Aktuelles von Paragliding Engadin</span></h1>', 1),
(1752, 145, 0, 'animationdata', '', 1),
(1753, 145, 1, 'animationdata', '', 1),
(1754, 145, 2, 'animationdata', '', 1),
(1755, 146, 0, 'path', 'piloten.php', 1),
(1756, 146, 0, 'animationdata', '', 1),
(1757, 146, 1, 'animationdata', '', 1),
(1758, 146, 2, 'animationdata', '', 1),
(1759, 147, 0, 'customselect', '1', 1),
(1760, 147, 1, 'customselect', '1', 1),
(1761, 147, 2, 'customselect', '1000', 1),
(1762, 147, 3, 'customselect', '', 1),
(1763, 147, 4, 'customselect', 'true', 1),
(1764, 147, 5, 'customselect', 'false', 1),
(1765, 147, 6, 'customselect', 'true', 1),
(1766, 147, 7, 'customselect', '', 1),
(1767, 147, 8, 'customselect', '1', 1),
(1768, 147, 0, 'custominput', '500px', 1),
(1769, 147, 1, 'custominput', '', 1),
(1770, 147, 0, 'animationdata', '', 1),
(1771, 147, 1, 'animationdata', '', 1),
(1772, 147, 2, 'animationdata', '', 1),
(1773, 148, 0, 'path', '', 1),
(1774, 148, 0, 'customselect', 'center', 1),
(1775, 149, 0, 'path', '/custom/img/images/1.jpg', 1),
(1776, 149, 0, 'customselect', 'center', 1),
(1777, 150, 0, 'customselect', '1', 1),
(1778, 150, 1, 'customselect', '1', 1),
(1779, 150, 2, 'customselect', 'false', 1),
(1780, 150, 3, 'customselect', '', 1),
(1781, 150, 4, 'customselect', 'true', 1),
(1782, 150, 5, 'customselect', 'false', 1),
(1783, 150, 6, 'customselect', 'true', 1),
(1784, 150, 7, 'customselect', '', 1),
(1785, 150, 8, 'customselect', '1', 1),
(1786, 150, 0, 'custominput', '100vh', 1),
(1787, 150, 1, 'custominput', '', 1),
(1788, 150, 0, 'animationdata', '', 1),
(1789, 150, 1, 'animationdata', '', 1),
(1790, 150, 2, 'animationdata', '', 1),
(1791, 151, 0, 'path', '', 1),
(1792, 151, 0, 'customselect', 'center', 1),
(1793, 152, 0, 'class', '', 0),
(1794, 152, 1, 'class', '', 0),
(1795, 152, 2, 'class', '', 0),
(1796, 152, 3, 'class', '', 0),
(1797, 152, 4, 'class', '', 0),
(1798, 152, 5, 'class', '', 0),
(1799, 152, 6, 'class', '', 0),
(1800, 152, 7, 'class', '', 0),
(1801, 152, 0, 'path', '', 0),
(1802, 152, 0, 'animationdata', '', 0),
(1803, 152, 1, 'animationdata', '', 0),
(1804, 152, 2, 'animationdata', '', 0),
(1805, 153, 0, 'class', 'col', 0),
(1806, 153, 1, 'class', '', 0),
(1807, 153, 2, 'class', 'col-md-6', 0),
(1808, 153, 3, 'class', 'col-lg-4', 0),
(1809, 153, 4, 'class', '', 0),
(1810, 153, 5, 'class', '', 0),
(1811, 153, 6, 'class', '', 0),
(1812, 153, 7, 'class', '', 0),
(1813, 153, 8, 'class', '', 0),
(1814, 153, 9, 'class', '', 0),
(1815, 153, 10, 'class', '', 0),
(1816, 153, 11, 'class', '', 0),
(1817, 153, 12, 'class', '', 0),
(1818, 153, 13, 'class', '', 0),
(1819, 153, 14, 'class', '', 0),
(1820, 153, 0, 'path', '', 0),
(1821, 153, 0, 'animationdata', '', 0),
(1822, 153, 1, 'animationdata', '', 0),
(1823, 153, 2, 'animationdata', '', 0),
(1824, 154, 0, 'class', 'col', 0),
(1825, 154, 1, 'class', '', 0),
(1826, 154, 2, 'class', 'col-md-6', 0),
(1827, 154, 3, 'class', 'col-lg-4', 0),
(1828, 154, 4, 'class', '', 0),
(1829, 154, 5, 'class', '', 0),
(1830, 154, 6, 'class', '', 0),
(1831, 154, 7, 'class', '', 0),
(1832, 154, 8, 'class', '', 0),
(1833, 154, 9, 'class', '', 0),
(1834, 154, 10, 'class', '', 0),
(1835, 154, 11, 'class', '', 0),
(1836, 154, 12, 'class', '', 0),
(1837, 154, 13, 'class', '', 0),
(1838, 154, 14, 'class', '', 0),
(1839, 154, 0, 'path', '', 0),
(1840, 154, 0, 'animationdata', '', 0),
(1841, 154, 1, 'animationdata', '', 0),
(1842, 154, 2, 'animationdata', '', 0),
(1843, 155, 0, 'class', 'col', 0),
(1844, 155, 1, 'class', '', 0),
(1845, 155, 2, 'class', 'col-md-6', 0),
(1846, 155, 3, 'class', 'col-lg-4', 0),
(1847, 155, 4, 'class', '', 0),
(1848, 155, 5, 'class', '', 0),
(1849, 155, 6, 'class', '', 0),
(1850, 155, 7, 'class', '', 0),
(1851, 155, 8, 'class', '', 0),
(1852, 155, 9, 'class', '', 0),
(1853, 155, 10, 'class', '', 0),
(1854, 155, 11, 'class', '', 0),
(1855, 155, 12, 'class', '', 0),
(1856, 155, 13, 'class', '', 0),
(1857, 155, 14, 'class', '', 0),
(1858, 155, 0, 'path', '', 0),
(1859, 155, 0, 'animationdata', '', 0),
(1860, 155, 1, 'animationdata', '', 0),
(1861, 155, 2, 'animationdata', '', 0),
(1862, 156, 0, 'class', 'text-center', 0),
(1863, 156, 0, 'animationdata', '', 0),
(1864, 156, 1, 'animationdata', '', 0),
(1865, 156, 2, 'animationdata', '', 0),
(1866, 157, 0, 'path', '/custom/img/images/26992564_1743029865759883_1682032868117890126_n.jpg', 1),
(1867, 157, 0, 'customselect', '75', 1),
(1868, 157, 1, 'customselect', 'center', 1),
(1869, 157, 0, 'custominput', '', 1),
(1870, 157, 0, 'animationdata', '', 1),
(1871, 157, 1, 'animationdata', '', 1),
(1872, 157, 2, 'animationdata', '', 1),
(1873, 158, 0, 'class', 'text-center', 0),
(1874, 158, 0, 'animationdata', '', 0),
(1875, 158, 1, 'animationdata', '', 0),
(1876, 158, 2, 'animationdata', '', 0),
(1877, 159, 0, 'customselect', '1', 0),
(1878, 159, 1, 'customselect', 'h3', 0),
(1879, 159, 2, 'customselect', 'h6', 0),
(1880, 159, 0, 'custominput', 'Abgleiter', 0),
(1881, 159, 1, 'custominput', 'Start in die 3. Dimension', 0),
(1882, 159, 0, 'animationdata', '', 0),
(1883, 159, 1, 'animationdata', '', 0),
(1884, 159, 2, 'animationdata', '', 0),
(1885, 160, 0, 'ckeditable', '<p><span style=\"color:#000000;\">Ruhig und&nbsp;genussvoll - findet oft morgens oder abends statt.</span></p><ul><li style=\"text-align:left\"><span style=\"color:#000000;\">Dauer: ca. 10-15 Min.</span></li><li style=\"text-align:left\"><span style=\"color:#000000;\">Startplätze: Muottas Muragl, Alp Languard, Corvatsch-Murtel</span></li></ul><h4><span style=\"color:#000000;\">ab CHF 180</span></h4>', 0),
(1886, 160, 0, 'animationdata', '', 0),
(1887, 160, 1, 'animationdata', '', 0),
(1888, 160, 2, 'animationdata', '', 0),
(1889, 161, 0, 'class', 'btn-primary', 0),
(1890, 161, 1, 'class', 'btn-lg', 0),
(1891, 161, 2, 'class', '', 0),
(1892, 161, 0, 'attribute', '', 0),
(1893, 161, 0, 'path', '', 0),
(1894, 161, 0, 'customselect', 'button', 0),
(1895, 161, 1, 'customselect', 'button', 0),
(1896, 161, 0, 'custominput', 'Auswählen', 0),
(1897, 161, 1, 'custominput', '', 0),
(1898, 161, 0, 'animationdata', '', 0),
(1899, 161, 1, 'animationdata', '', 0),
(1900, 161, 2, 'animationdata', '', 0),
(1901, 162, 0, 'class', 'text-center', 1),
(1902, 162, 0, 'animationdata', '', 1),
(1903, 162, 1, 'animationdata', '', 1),
(1904, 162, 2, 'animationdata', '', 1),
(1905, 163, 0, 'class', 'text-center', 1),
(1906, 163, 0, 'animationdata', '', 1),
(1907, 163, 1, 'animationdata', '', 1),
(1908, 163, 2, 'animationdata', '', 1),
(1909, 164, 0, 'customselect', '1', 1),
(1910, 164, 1, 'customselect', 'h3', 1),
(1911, 164, 2, 'customselect', 'h6', 1),
(1912, 164, 0, 'custominput', 'Abgleiter', 1),
(1913, 164, 1, 'custominput', 'Start in die 3. Dimension', 1),
(1914, 164, 0, 'animationdata', '', 1),
(1915, 164, 1, 'animationdata', '', 1),
(1916, 164, 2, 'animationdata', '', 1),
(1917, 165, 0, 'ckeditable', '<p><span style=\"color:#000000;\">Ruhig und&nbsp;genussvoll - findet oft morgens oder abends statt.</span></p><ul><li style=\"text-align:left\"><span style=\"color:#000000;\">Dauer: ca. 10-15 Min.</span></li><li style=\"text-align:left\"><span style=\"color:#000000;\">Startplätze: Muottas Muragl, Alp Languard, Corvatsch-Murtel</span></li></ul><h4><span style=\"color:#000000;\">ab CHF 180</span></h4>', 1),
(1918, 165, 0, 'animationdata', '', 1),
(1919, 165, 1, 'animationdata', '', 1),
(1920, 165, 2, 'animationdata', '', 1),
(1921, 166, 0, 'class', 'btn-custom', 1),
(1922, 166, 1, 'class', 'btn-lg', 1),
(1923, 166, 2, 'class', '', 1),
(1924, 166, 0, 'attribute', '', 1),
(1925, 166, 0, 'path', '', 1),
(1926, 166, 0, 'customselect', 'button', 1),
(1927, 166, 1, 'customselect', '', 1),
(1928, 166, 0, 'custominput', 'Jetzt buchen', 1),
(1929, 166, 1, 'custominput', '', 1),
(1930, 166, 0, 'animationdata', '', 1),
(1931, 166, 1, 'animationdata', '', 1),
(1932, 166, 2, 'animationdata', '', 1),
(1933, 167, 0, 'class', 'text-center', 1),
(1934, 167, 0, 'animationdata', '', 1),
(1935, 167, 1, 'animationdata', '', 1),
(1936, 167, 2, 'animationdata', '', 1),
(1937, 168, 0, 'class', 'text-center', 1),
(1938, 168, 0, 'animationdata', '', 1),
(1939, 168, 1, 'animationdata', '', 1),
(1940, 168, 2, 'animationdata', '', 1),
(1941, 169, 0, 'customselect', '1', 1),
(1942, 169, 1, 'customselect', 'h3', 1),
(1943, 169, 2, 'customselect', 'h6', 1),
(1944, 169, 0, 'custominput', 'Abgleiter', 1),
(1945, 169, 1, 'custominput', 'Start in die 3. Dimension', 1),
(1946, 169, 0, 'animationdata', '', 1),
(1947, 169, 1, 'animationdata', '', 1),
(1948, 169, 2, 'animationdata', '', 1),
(1949, 170, 0, 'ckeditable', '<p><span style=\"color:#000000;\">Ruhig und&nbsp;genussvoll - findet oft morgens oder abends statt.</span></p><ul><li style=\"text-align:left\"><span style=\"color:#000000;\">Dauer: ca. 10-15 Min.</span></li><li style=\"text-align:left\"><span style=\"color:#000000;\">Startplätze: Muottas Muragl, Alp Languard, Corvatsch-Murtel</span></li></ul><h4><span style=\"color:#000000;\">ab CHF 180</span></h4>', 1),
(1950, 170, 0, 'animationdata', '', 1),
(1951, 170, 1, 'animationdata', '', 1),
(1952, 170, 2, 'animationdata', '', 1),
(1953, 171, 0, 'class', 'btn-custom', 1),
(1954, 171, 1, 'class', 'btn-lg', 1),
(1955, 171, 2, 'class', '', 1),
(1956, 171, 0, 'attribute', '', 1),
(1957, 171, 0, 'path', '', 1),
(1958, 171, 0, 'customselect', 'button', 1),
(1959, 171, 1, 'customselect', '', 1),
(1960, 171, 0, 'custominput', 'Jetzt buchen', 1),
(1961, 171, 1, 'custominput', '', 1),
(1962, 171, 0, 'animationdata', '', 1),
(1963, 171, 1, 'animationdata', '', 1),
(1964, 171, 2, 'animationdata', '', 1),
(1965, 172, 0, 'ckeditable', '<h3><span style=\"color:#696969;\">Art des Fluges wählen</span></h3>', 0),
(1966, 172, 0, 'animationdata', '', 0),
(1967, 172, 1, 'animationdata', '', 0),
(1968, 172, 2, 'animationdata', '', 0),
(1969, 173, 0, 'path', 'piloten.php', 1),
(1970, 173, 0, 'animationdata', '', 1),
(1971, 173, 1, 'animationdata', '', 1),
(1972, 173, 2, 'animationdata', '', 1),
(1973, 174, 0, 'path', 'piloten.php', 1),
(1974, 174, 0, 'animationdata', '', 1),
(1975, 174, 1, 'animationdata', '', 1),
(1976, 174, 2, 'animationdata', '', 1),
(1977, 175, 0, 'path', 'piloten.php', 1),
(1978, 175, 0, 'animationdata', '', 1),
(1979, 175, 1, 'animationdata', '', 1),
(1980, 175, 2, 'animationdata', '', 1),
(1981, 176, 0, 'class', 'text-center', 0),
(1982, 176, 0, 'animationdata', '', 0),
(1983, 176, 1, 'animationdata', '', 0),
(1984, 176, 2, 'animationdata', '', 0),
(1985, 177, 0, 'class', 'text-center', 0),
(1986, 177, 0, 'animationdata', '', 0),
(1987, 177, 1, 'animationdata', '', 0),
(1988, 177, 2, 'animationdata', '', 0),
(1989, 178, 0, 'customselect', '1', 0),
(1990, 178, 1, 'customselect', 'h3', 0),
(1991, 178, 2, 'customselect', 'h6', 0),
(1992, 178, 0, 'custominput', 'Abgleiter', 0),
(1993, 178, 1, 'custominput', 'Start in die 3. Dimension', 0),
(1994, 178, 0, 'animationdata', '', 0),
(1995, 178, 1, 'animationdata', '', 0),
(1996, 178, 2, 'animationdata', '', 0),
(1997, 179, 0, 'ckeditable', '<p><span style=\"color:#000000;\">Ruhig und&nbsp;genussvoll - findet oft morgens oder abends statt.</span></p><ul><li style=\"text-align:left\"><span style=\"color:#000000;\">Dauer: ca. 10-15 Min.</span></li><li style=\"text-align:left\"><span style=\"color:#000000;\">Startplätze: Muottas Muragl, Alp Languard, Corvatsch-Murtel</span></li></ul><h4><span style=\"color:#000000;\">ab CHF 180</span></h4>', 0),
(1998, 179, 0, 'animationdata', '', 0),
(1999, 179, 1, 'animationdata', '', 0),
(2000, 179, 2, 'animationdata', '', 0),
(2001, 180, 0, 'class', 'btn-custom', 0),
(2002, 180, 1, 'class', 'btn-lg', 0),
(2003, 180, 2, 'class', '', 0),
(2004, 180, 0, 'attribute', '', 0),
(2005, 180, 0, 'path', '', 0),
(2006, 180, 0, 'customselect', 'button', 0),
(2007, 180, 1, 'customselect', '', 0),
(2008, 180, 0, 'custominput', 'Auswählen', 0),
(2009, 180, 1, 'custominput', '', 0),
(2010, 180, 0, 'animationdata', '', 0),
(2011, 180, 1, 'animationdata', '', 0),
(2012, 180, 2, 'animationdata', '', 0),
(2013, 181, 0, 'class', 'text-center', 0),
(2014, 181, 0, 'animationdata', '', 0),
(2015, 181, 1, 'animationdata', '', 0),
(2016, 181, 2, 'animationdata', '', 0),
(2017, 182, 0, 'class', 'text-center', 0),
(2018, 182, 0, 'animationdata', '', 0),
(2019, 182, 1, 'animationdata', '', 0),
(2020, 182, 2, 'animationdata', '', 0),
(2021, 183, 0, 'customselect', '1', 0),
(2022, 183, 1, 'customselect', 'h3', 0),
(2023, 183, 2, 'customselect', 'h6', 0),
(2024, 183, 0, 'custominput', 'Abgleiter', 0),
(2025, 183, 1, 'custominput', 'Start in die 3. Dimension', 0),
(2026, 183, 0, 'animationdata', '', 0),
(2027, 183, 1, 'animationdata', '', 0),
(2028, 183, 2, 'animationdata', '', 0),
(2029, 184, 0, 'ckeditable', '<p><span style=\"color:#000000;\">Ruhig und&nbsp;genussvoll - findet oft morgens oder abends statt.</span></p><ul><li style=\"text-align:left\"><span style=\"color:#000000;\">Dauer: ca. 10-15 Min.</span></li><li style=\"text-align:left\"><span style=\"color:#000000;\">Startplätze: Muottas Muragl, Alp Languard, Corvatsch-Murtel</span></li></ul><h4><span style=\"color:#000000;\">ab CHF 180</span></h4>', 0),
(2030, 184, 0, 'animationdata', '', 0),
(2031, 184, 1, 'animationdata', '', 0),
(2032, 184, 2, 'animationdata', '', 0),
(2033, 185, 0, 'class', 'btn-custom', 0),
(2034, 185, 1, 'class', 'btn-lg', 0),
(2035, 185, 2, 'class', '', 0),
(2036, 185, 0, 'attribute', '', 0),
(2037, 185, 0, 'path', '', 0),
(2038, 185, 0, 'customselect', 'button', 0),
(2039, 185, 1, 'customselect', '', 0),
(2040, 185, 0, 'custominput', 'Auswählen', 0),
(2041, 185, 1, 'custominput', '', 0),
(2042, 185, 0, 'animationdata', '', 0),
(2043, 185, 1, 'animationdata', '', 0),
(2044, 185, 2, 'animationdata', '', 0),
(2045, 186, 0, 'ckeditable', '<h3><span style=\"color:#696969\">Pilot wählen</span></h3>', 1),
(2046, 186, 0, 'animationdata', '', 1),
(2047, 186, 1, 'animationdata', '', 1),
(2048, 186, 2, 'animationdata', '', 1),
(2049, 187, 0, 'customselect', '1', 0),
(2050, 187, 1, 'customselect', '1', 0),
(2051, 187, 2, 'customselect', 'false', 0),
(2052, 187, 3, 'customselect', '', 0),
(2053, 187, 4, 'customselect', 'false', 0),
(2054, 187, 5, 'customselect', 'true', 0),
(2055, 187, 6, 'customselect', 'true', 0),
(2056, 187, 7, 'customselect', '', 0),
(2057, 187, 8, 'customselect', '1', 0),
(2058, 187, 0, 'custominput', '', 0),
(2059, 187, 1, 'custominput', '', 0),
(2060, 187, 0, 'animationdata', '', 0),
(2061, 187, 1, 'animationdata', '', 0),
(2062, 187, 2, 'animationdata', '', 0),
(2063, 188, 0, 'path', '', 0),
(2064, 188, 0, 'customselect', 'center', 0),
(2065, 189, 0, 'class', 'col', 0),
(2066, 189, 1, 'class', 'col-sm-4', 0),
(2067, 189, 2, 'class', '', 0),
(2068, 189, 3, 'class', '', 0),
(2069, 189, 4, 'class', '', 0),
(2070, 189, 5, 'class', '', 0),
(2071, 189, 6, 'class', '', 0),
(2072, 189, 7, 'class', '', 0),
(2073, 189, 8, 'class', '', 0),
(2074, 189, 9, 'class', '', 0),
(2075, 189, 10, 'class', '', 0),
(2076, 189, 11, 'class', '', 0),
(2077, 189, 12, 'class', '', 0),
(2078, 189, 13, 'class', '', 0),
(2079, 189, 14, 'class', '', 0),
(2080, 189, 0, 'path', '', 0),
(2081, 189, 0, 'animationdata', '', 0),
(2082, 189, 1, 'animationdata', '', 0),
(2083, 189, 2, 'animationdata', '', 0),
(2084, 190, 0, 'class', 'text-center', 0),
(2085, 190, 0, 'animationdata', '', 0),
(2086, 190, 1, 'animationdata', '', 0),
(2087, 190, 2, 'animationdata', '', 0),
(2088, 191, 0, 'path', '/custom/img/images/IMG_7053.jpg', 0),
(2089, 191, 0, 'customselect', '75', 0),
(2090, 191, 1, 'customselect', 'center', 0),
(2091, 191, 0, 'custominput', '', 0),
(2092, 191, 0, 'animationdata', '', 0),
(2093, 191, 1, 'animationdata', '', 0),
(2094, 191, 2, 'animationdata', '', 0),
(2095, 192, 0, 'class', 'text-center', 0),
(2096, 192, 0, 'animationdata', '', 0),
(2097, 192, 1, 'animationdata', '', 0),
(2098, 192, 2, 'animationdata', '', 0),
(2099, 193, 0, 'customselect', '1', 0),
(2100, 193, 1, 'customselect', 'h3', 0),
(2101, 193, 2, 'customselect', 'h6', 0),
(2102, 193, 0, 'custominput', 'Werner Messerschmidt', 0),
(2103, 193, 1, 'custominput', 'Der Verspielte', 0),
(2104, 193, 0, 'animationdata', '', 0),
(2105, 193, 1, 'animationdata', '', 0),
(2106, 193, 2, 'animationdata', '', 0),
(2107, 194, 0, 'ckeditable', '<p style=\"text-align:left\">Sein Akzent täuscht – die Engadiner Bergwelt ist seit langem seine 2. Heimat. Der Gemütsmensch beherrscht auch wie kein anderer die Kunst der schwindligen „Flügelrotation“. Wer es turbulent und dynamisch mag, darf sich seinen Künsten nicht entziehen.</p>', 0),
(2123, 196, 0, 'class', 'col', 0),
(2108, 194, 0, 'animationdata', '', 0),
(2109, 194, 1, 'animationdata', '', 0),
(2110, 194, 2, 'animationdata', '', 0),
(2111, 195, 0, 'class', 'btn-custom', 0),
(2112, 195, 1, 'class', 'btn-lg', 0),
(2113, 195, 2, 'class', '', 0),
(2114, 195, 0, 'attribute', '', 0),
(2115, 195, 0, 'path', '', 0),
(2116, 195, 0, 'customselect', 'button', 0),
(2117, 195, 1, 'customselect', '', 0),
(2118, 195, 0, 'custominput', 'Auswählen', 0),
(2119, 195, 1, 'custominput', '', 0),
(2120, 195, 0, 'animationdata', '', 0),
(2121, 195, 1, 'animationdata', '', 0),
(2122, 195, 2, 'animationdata', '', 0),
(2124, 196, 1, 'class', 'col-sm-4', 0),
(2125, 196, 2, 'class', '', 0),
(2126, 196, 3, 'class', '', 0),
(2127, 196, 4, 'class', '', 0),
(2128, 196, 5, 'class', '', 0),
(2129, 196, 6, 'class', '', 0),
(2130, 196, 7, 'class', '', 0),
(2131, 196, 8, 'class', '', 0),
(2132, 196, 9, 'class', '', 0),
(2133, 196, 10, 'class', '', 0),
(2134, 196, 11, 'class', '', 0),
(2135, 196, 12, 'class', '', 0),
(2136, 196, 13, 'class', '', 0),
(2137, 196, 14, 'class', '', 0),
(2138, 196, 0, 'path', '', 0),
(2139, 196, 0, 'animationdata', '', 0),
(2140, 196, 1, 'animationdata', '', 0),
(2141, 196, 2, 'animationdata', '', 0),
(2142, 197, 0, 'class', 'text-center', 0),
(2143, 197, 0, 'animationdata', '', 0),
(2144, 197, 1, 'animationdata', '', 0),
(2145, 197, 2, 'animationdata', '', 0),
(2146, 198, 0, 'path', '/custom/img/images/IMG_7053.jpg', 0),
(2147, 198, 0, 'customselect', '75', 0),
(2148, 198, 1, 'customselect', 'center', 0),
(2149, 198, 0, 'custominput', '', 0),
(2150, 198, 0, 'animationdata', '', 0),
(2151, 198, 1, 'animationdata', '', 0),
(2152, 198, 2, 'animationdata', '', 0),
(2153, 199, 0, 'class', 'text-center', 0),
(2154, 199, 0, 'animationdata', '', 0),
(2155, 199, 1, 'animationdata', '', 0),
(2156, 199, 2, 'animationdata', '', 0),
(2157, 200, 0, 'customselect', '1', 0),
(2158, 200, 1, 'customselect', 'h3', 0),
(2159, 200, 2, 'customselect', 'h6', 0),
(2160, 200, 0, 'custominput', 'Werner Messerschmidt', 0),
(2161, 200, 1, 'custominput', 'Der Verspielte', 0),
(2162, 200, 0, 'animationdata', '', 0),
(2163, 200, 1, 'animationdata', '', 0),
(2164, 200, 2, 'animationdata', '', 0),
(2165, 201, 0, 'ckeditable', '<p style=\"text-align:left\">Sein Akzent täuscht – die Engadiner Bergwelt ist seit langem seine 2. Heimat. Der Gemütsmensch beherrscht auch wie kein anderer die Kunst der schwindligen „Flügelrotation“. Wer es turbulent und dynamisch mag, darf sich seinen Künsten nicht entziehen.</p>', 0),
(2166, 201, 0, 'animationdata', '', 0),
(2167, 201, 1, 'animationdata', '', 0),
(2168, 201, 2, 'animationdata', '', 0),
(2169, 202, 0, 'class', 'btn-custom', 0),
(2170, 202, 1, 'class', 'btn-lg', 0),
(2171, 202, 2, 'class', '', 0),
(2172, 202, 0, 'attribute', '', 0),
(2173, 202, 0, 'path', '', 0),
(2174, 202, 0, 'customselect', 'button', 0),
(2175, 202, 1, 'customselect', '', 0),
(2176, 202, 0, 'custominput', 'Auswählen', 0),
(2177, 202, 1, 'custominput', '', 0),
(2178, 202, 0, 'animationdata', '', 0),
(2179, 202, 1, 'animationdata', '', 0),
(2180, 202, 2, 'animationdata', '', 0),
(2181, 203, 0, 'class', 'col', 0),
(2182, 203, 1, 'class', 'col-sm-4', 0),
(2183, 203, 2, 'class', '', 0),
(2184, 203, 3, 'class', '', 0),
(2185, 203, 4, 'class', '', 0),
(2186, 203, 5, 'class', '', 0),
(2187, 203, 6, 'class', '', 0),
(2188, 203, 7, 'class', '', 0),
(2189, 203, 8, 'class', '', 0),
(2190, 203, 9, 'class', '', 0),
(2191, 203, 10, 'class', '', 0),
(2192, 203, 11, 'class', '', 0),
(2193, 203, 12, 'class', '', 0),
(2194, 203, 13, 'class', '', 0),
(2195, 203, 14, 'class', '', 0),
(2196, 203, 0, 'path', '', 0),
(2197, 203, 0, 'animationdata', '', 0),
(2198, 203, 1, 'animationdata', '', 0),
(2199, 203, 2, 'animationdata', '', 0),
(2200, 204, 0, 'class', 'text-center', 0),
(2201, 204, 0, 'animationdata', '', 0),
(2202, 204, 1, 'animationdata', '', 0),
(2203, 204, 2, 'animationdata', '', 0),
(2204, 205, 0, 'path', '/custom/img/images/IMG_7053.jpg', 0),
(2205, 205, 0, 'customselect', '75', 0),
(2206, 205, 1, 'customselect', 'center', 0),
(2207, 205, 0, 'custominput', '', 0),
(2208, 205, 0, 'animationdata', '', 0),
(2209, 205, 1, 'animationdata', '', 0),
(2210, 205, 2, 'animationdata', '', 0),
(2211, 206, 0, 'class', 'text-center', 0),
(2212, 206, 0, 'animationdata', '', 0),
(2213, 206, 1, 'animationdata', '', 0),
(2214, 206, 2, 'animationdata', '', 0),
(2215, 207, 0, 'customselect', '1', 0),
(2216, 207, 1, 'customselect', 'h3', 0),
(2217, 207, 2, 'customselect', 'h6', 0),
(2218, 207, 0, 'custominput', 'Werner Messerschmidt', 0),
(2219, 207, 1, 'custominput', 'Der Verspielte', 0),
(2220, 207, 0, 'animationdata', '', 0),
(2221, 207, 1, 'animationdata', '', 0),
(2222, 207, 2, 'animationdata', '', 0),
(2223, 208, 0, 'ckeditable', '<p style=\"text-align:left\">Sein Akzent täuscht – die Engadiner Bergwelt ist seit langem seine 2. Heimat. Der Gemütsmensch beherrscht auch wie kein anderer die Kunst der schwindligen „Flügelrotation“. Wer es turbulent und dynamisch mag, darf sich seinen Künsten nicht entziehen.</p>', 0),
(2224, 208, 0, 'animationdata', '', 0),
(2225, 208, 1, 'animationdata', '', 0),
(2226, 208, 2, 'animationdata', '', 0),
(2227, 209, 0, 'class', 'btn-custom', 0),
(2228, 209, 1, 'class', 'btn-lg', 0),
(2229, 209, 2, 'class', '', 0),
(2230, 209, 0, 'attribute', '', 0),
(2231, 209, 0, 'path', '', 0),
(2232, 209, 0, 'customselect', 'button', 0),
(2233, 209, 1, 'customselect', '', 0),
(2234, 209, 0, 'custominput', 'Auswählen', 0),
(2235, 209, 1, 'custominput', '', 0),
(2236, 209, 0, 'animationdata', '', 0),
(2237, 209, 1, 'animationdata', '', 0),
(2238, 209, 2, 'animationdata', '', 0),
(2239, 210, 0, 'class', 'col', 1),
(2240, 210, 1, 'class', 'col-sm-3', 1),
(2241, 210, 2, 'class', '', 1),
(2242, 210, 3, 'class', '', 1),
(2243, 210, 4, 'class', '', 1),
(2244, 210, 5, 'class', '', 1),
(2245, 210, 6, 'class', '', 1),
(2246, 210, 7, 'class', '', 1),
(2247, 210, 8, 'class', '', 1),
(2248, 210, 9, 'class', '', 1),
(2249, 210, 10, 'class', '', 1),
(2250, 210, 11, 'class', '', 1),
(2251, 210, 12, 'class', '', 1),
(2252, 210, 13, 'class', '', 1),
(2253, 210, 14, 'class', '', 1),
(2254, 210, 0, 'path', '', 1),
(2255, 210, 0, 'animationdata', '', 1),
(2256, 210, 1, 'animationdata', '', 1),
(2257, 210, 2, 'animationdata', '', 1),
(2258, 211, 0, 'class', 'text-center', 1),
(2259, 211, 0, 'animationdata', '', 1),
(2260, 211, 1, 'animationdata', '', 1),
(2261, 211, 2, 'animationdata', '', 1),
(2262, 212, 0, 'path', '/custom/img/images/IMG_7053.jpg', 1),
(2263, 212, 0, 'customselect', '75', 1),
(2264, 212, 1, 'customselect', 'center', 1),
(2265, 212, 0, 'custominput', '', 1),
(2266, 212, 0, 'animationdata', '', 1),
(2267, 212, 1, 'animationdata', '', 1),
(2268, 212, 2, 'animationdata', '', 1),
(2269, 213, 0, 'class', 'text-center', 1),
(2270, 213, 0, 'animationdata', '', 1),
(2271, 213, 1, 'animationdata', '', 1),
(2272, 213, 2, 'animationdata', '', 1),
(2273, 214, 0, 'customselect', '1', 1),
(2274, 214, 1, 'customselect', 'h3', 1),
(2275, 214, 2, 'customselect', 'h6', 1),
(2276, 214, 0, 'custominput', 'Werner Messerschmidt', 1),
(2277, 214, 1, 'custominput', 'Der Verspielte', 1),
(2278, 214, 0, 'animationdata', '', 1),
(2279, 214, 1, 'animationdata', '', 1),
(2280, 214, 2, 'animationdata', '', 1),
(2281, 215, 0, 'ckeditable', '<p style=\"text-align:left\">Sein Akzent täuscht – die Engadiner Bergwelt ist seit langem seine 2. Heimat. Der Gemütsmensch beherrscht auch wie kein anderer die Kunst der schwindligen „Flügelrotation“. Wer es turbulent und dynamisch mag, darf sich seinen Künsten nicht entziehen.</p>', 1),
(2282, 215, 0, 'animationdata', '', 1),
(2283, 215, 1, 'animationdata', '', 1),
(2284, 215, 2, 'animationdata', '', 1),
(2285, 216, 0, 'class', 'btn-custom', 1),
(2286, 216, 1, 'class', 'btn-lg', 1),
(2287, 216, 2, 'class', '', 1),
(2288, 216, 0, 'attribute', '', 1),
(2289, 216, 0, 'path', '', 1),
(2290, 216, 0, 'customselect', 'button', 1),
(2291, 216, 1, 'customselect', '', 1),
(2292, 216, 0, 'custominput', 'Auswählen', 1),
(2293, 216, 1, 'custominput', '', 1),
(2294, 216, 0, 'animationdata', '', 1),
(2295, 216, 1, 'animationdata', '', 1),
(2296, 216, 2, 'animationdata', '', 1),
(2297, 217, 0, 'path', '', 0),
(2298, 217, 0, 'customselect', 'center', 0),
(2299, 218, 0, 'class', 'col', 0),
(2300, 218, 1, 'class', 'col-sm-4', 0),
(2301, 218, 2, 'class', '', 0),
(2302, 218, 3, 'class', '', 0),
(2303, 218, 4, 'class', '', 0),
(2304, 218, 5, 'class', '', 0),
(2305, 218, 6, 'class', '', 0),
(2306, 218, 7, 'class', '', 0),
(2307, 218, 8, 'class', '', 0),
(2308, 218, 9, 'class', '', 0),
(2309, 218, 10, 'class', '', 0),
(2310, 218, 11, 'class', '', 0),
(2311, 218, 12, 'class', '', 0),
(2312, 218, 13, 'class', '', 0),
(2313, 218, 14, 'class', '', 0),
(2314, 218, 0, 'path', '', 0),
(2315, 218, 0, 'animationdata', '', 0),
(2316, 218, 1, 'animationdata', '', 0),
(2317, 218, 2, 'animationdata', '', 0),
(2318, 219, 0, 'class', 'text-center', 0),
(2319, 219, 0, 'animationdata', '', 0),
(2320, 219, 1, 'animationdata', '', 0),
(2321, 219, 2, 'animationdata', '', 0),
(2322, 220, 0, 'path', '/custom/img/images/IMG_7053.jpg', 0),
(2323, 220, 0, 'customselect', '75', 0),
(2324, 220, 1, 'customselect', 'center', 0),
(2325, 220, 0, 'custominput', '', 0),
(2326, 220, 0, 'animationdata', '', 0),
(2327, 220, 1, 'animationdata', '', 0),
(2328, 220, 2, 'animationdata', '', 0),
(2329, 221, 0, 'class', 'text-center', 0),
(2330, 221, 0, 'animationdata', '', 0),
(2331, 221, 1, 'animationdata', '', 0),
(2332, 221, 2, 'animationdata', '', 0),
(2333, 222, 0, 'customselect', '1', 0),
(2334, 222, 1, 'customselect', 'h3', 0),
(2335, 222, 2, 'customselect', 'h6', 0),
(2336, 222, 0, 'custominput', 'Werner Messerschmidt', 0),
(2337, 222, 1, 'custominput', 'Der Verspielte', 0),
(2338, 222, 0, 'animationdata', '', 0),
(2339, 222, 1, 'animationdata', '', 0),
(2340, 222, 2, 'animationdata', '', 0),
(2341, 223, 0, 'ckeditable', '<p style=\"text-align:left\">Sein Akzent täuscht – die Engadiner Bergwelt ist seit langem seine 2. Heimat. Der Gemütsmensch beherrscht auch wie kein anderer die Kunst der schwindligen „Flügelrotation“. Wer es turbulent und dynamisch mag, darf sich seinen Künsten nicht entziehen.</p>', 0),
(2342, 223, 0, 'animationdata', '', 0),
(2343, 223, 1, 'animationdata', '', 0),
(2344, 223, 2, 'animationdata', '', 0),
(2345, 224, 0, 'class', 'btn-custom', 0),
(2346, 224, 1, 'class', 'btn-lg', 0),
(2347, 224, 2, 'class', '', 0),
(2348, 224, 0, 'attribute', '', 0),
(2349, 224, 0, 'path', '', 0),
(2350, 224, 0, 'customselect', 'button', 0),
(2351, 224, 1, 'customselect', '', 0),
(2352, 224, 0, 'custominput', 'Auswählen', 0),
(2353, 224, 1, 'custominput', '', 0),
(2354, 224, 0, 'animationdata', '', 0),
(2355, 224, 1, 'animationdata', '', 0),
(2356, 224, 2, 'animationdata', '', 0),
(2357, 225, 0, 'class', 'col', 0),
(2358, 225, 1, 'class', 'col-sm-4', 0),
(2359, 225, 2, 'class', '', 0),
(2360, 225, 3, 'class', '', 0),
(2361, 225, 4, 'class', '', 0),
(2362, 225, 5, 'class', '', 0),
(2363, 225, 6, 'class', '', 0),
(2364, 225, 7, 'class', '', 0),
(2365, 225, 8, 'class', '', 0),
(2366, 225, 9, 'class', '', 0),
(2367, 225, 10, 'class', '', 0),
(2368, 225, 11, 'class', '', 0),
(2369, 225, 12, 'class', '', 0),
(2370, 225, 13, 'class', '', 0),
(2371, 225, 14, 'class', '', 0),
(2372, 225, 0, 'path', '', 0),
(2373, 225, 0, 'animationdata', '', 0),
(2374, 225, 1, 'animationdata', '', 0),
(2375, 225, 2, 'animationdata', '', 0),
(2376, 226, 0, 'class', 'text-center', 0),
(2377, 226, 0, 'animationdata', '', 0),
(2378, 226, 1, 'animationdata', '', 0),
(2379, 226, 2, 'animationdata', '', 0),
(2380, 227, 0, 'path', '/custom/img/images/IMG_7053.jpg', 0),
(2381, 227, 0, 'customselect', '75', 0),
(2382, 227, 1, 'customselect', 'center', 0),
(2383, 227, 0, 'custominput', '', 0),
(2384, 227, 0, 'animationdata', '', 0),
(2385, 227, 1, 'animationdata', '', 0),
(2386, 227, 2, 'animationdata', '', 0),
(2387, 228, 0, 'class', 'text-center', 0),
(2388, 228, 0, 'animationdata', '', 0),
(2389, 228, 1, 'animationdata', '', 0),
(2390, 228, 2, 'animationdata', '', 0),
(2391, 229, 0, 'customselect', '1', 0),
(2392, 229, 1, 'customselect', 'h3', 0),
(2393, 229, 2, 'customselect', 'h6', 0),
(2394, 229, 0, 'custominput', 'Werner Messerschmidt', 0),
(2395, 229, 1, 'custominput', 'Der Verspielte', 0),
(2396, 229, 0, 'animationdata', '', 0),
(2397, 229, 1, 'animationdata', '', 0),
(2398, 229, 2, 'animationdata', '', 0),
(2399, 230, 0, 'ckeditable', '<p style=\"text-align:left\">Sein Akzent täuscht – die Engadiner Bergwelt ist seit langem seine 2. Heimat. Der Gemütsmensch beherrscht auch wie kein anderer die Kunst der schwindligen „Flügelrotation“. Wer es turbulent und dynamisch mag, darf sich seinen Künsten nicht entziehen.</p>', 0),
(2400, 230, 0, 'animationdata', '', 0),
(2401, 230, 1, 'animationdata', '', 0),
(2402, 230, 2, 'animationdata', '', 0),
(2403, 231, 0, 'class', 'btn-custom', 0),
(2404, 231, 1, 'class', 'btn-lg', 0),
(2405, 231, 2, 'class', '', 0),
(2406, 231, 0, 'attribute', '', 0),
(2407, 231, 0, 'path', '', 0),
(2408, 231, 0, 'customselect', 'button', 0),
(2409, 231, 1, 'customselect', '', 0),
(2410, 231, 0, 'custominput', 'Auswählen', 0),
(2411, 231, 1, 'custominput', '', 0),
(2412, 231, 0, 'animationdata', '', 0),
(2413, 231, 1, 'animationdata', '', 0),
(2414, 231, 2, 'animationdata', '', 0),
(2415, 232, 0, 'class', 'col', 0),
(2416, 232, 1, 'class', 'col-sm-4', 0),
(2417, 232, 2, 'class', '', 0),
(2418, 232, 3, 'class', '', 0),
(2419, 232, 4, 'class', '', 0),
(2420, 232, 5, 'class', '', 0),
(2421, 232, 6, 'class', '', 0),
(2422, 232, 7, 'class', '', 0),
(2423, 232, 8, 'class', '', 0),
(2424, 232, 9, 'class', '', 0),
(2425, 232, 10, 'class', '', 0),
(2426, 232, 11, 'class', '', 0),
(2427, 232, 12, 'class', '', 0),
(2428, 232, 13, 'class', '', 0),
(2429, 232, 14, 'class', '', 0),
(2430, 232, 0, 'path', '', 0),
(2431, 232, 0, 'animationdata', '', 0),
(2432, 232, 1, 'animationdata', '', 0),
(2433, 232, 2, 'animationdata', '', 0),
(2434, 233, 0, 'class', 'text-center', 0),
(2435, 233, 0, 'animationdata', '', 0),
(2436, 233, 1, 'animationdata', '', 0),
(2437, 233, 2, 'animationdata', '', 0),
(2438, 234, 0, 'path', '/custom/img/images/IMG_7053.jpg', 0),
(2439, 234, 0, 'customselect', '75', 0),
(2440, 234, 1, 'customselect', 'center', 0),
(2441, 234, 0, 'custominput', '', 0),
(2442, 234, 0, 'animationdata', '', 0),
(2443, 234, 1, 'animationdata', '', 0),
(2444, 234, 2, 'animationdata', '', 0),
(2445, 235, 0, 'class', 'text-center', 0),
(2446, 235, 0, 'animationdata', '', 0),
(2447, 235, 1, 'animationdata', '', 0),
(2448, 235, 2, 'animationdata', '', 0),
(2449, 236, 0, 'customselect', '1', 0),
(2450, 236, 1, 'customselect', 'h3', 0),
(2451, 236, 2, 'customselect', 'h6', 0),
(2452, 236, 0, 'custominput', 'Werner Messerschmidt', 0),
(2453, 236, 1, 'custominput', 'Der Verspielte', 0),
(2454, 236, 0, 'animationdata', '', 0),
(2455, 236, 1, 'animationdata', '', 0),
(2456, 236, 2, 'animationdata', '', 0),
(2457, 237, 0, 'ckeditable', '<p style=\"text-align:left\">Sein Akzent täuscht – die Engadiner Bergwelt ist seit langem seine 2. Heimat. Der Gemütsmensch beherrscht auch wie kein anderer die Kunst der schwindligen „Flügelrotation“. Wer es turbulent und dynamisch mag, darf sich seinen Künsten nicht entziehen.</p>', 0),
(2458, 237, 0, 'animationdata', '', 0),
(2459, 237, 1, 'animationdata', '', 0),
(2460, 237, 2, 'animationdata', '', 0),
(2461, 238, 0, 'class', 'btn-custom', 0),
(2462, 238, 1, 'class', 'btn-lg', 0),
(2463, 238, 2, 'class', '', 0),
(2464, 238, 0, 'attribute', '', 0),
(2465, 238, 0, 'path', '', 0),
(2466, 238, 0, 'customselect', 'button', 0),
(2467, 238, 1, 'customselect', '', 0),
(2468, 238, 0, 'custominput', 'Auswählen', 0),
(2469, 238, 1, 'custominput', '', 0),
(2470, 238, 0, 'animationdata', '', 0),
(2471, 238, 1, 'animationdata', '', 0),
(2472, 238, 2, 'animationdata', '', 0),
(2473, 239, 0, 'class', 'no-gutters', 0),
(2474, 239, 1, 'class', '', 0),
(2475, 239, 2, 'class', '', 0),
(2476, 239, 3, 'class', '', 0),
(2477, 239, 4, 'class', '', 0),
(2478, 239, 5, 'class', '', 0),
(2479, 239, 6, 'class', '', 0),
(2480, 239, 7, 'class', '', 0),
(2481, 239, 0, 'path', '', 0),
(2482, 239, 0, 'animationdata', '', 0),
(2483, 239, 1, 'animationdata', '', 0),
(2484, 239, 2, 'animationdata', '', 0),
(2485, 240, 0, 'class', 'col', 0),
(2486, 240, 1, 'class', '', 0),
(2487, 240, 2, 'class', '', 0),
(2488, 240, 3, 'class', '', 0),
(2489, 240, 4, 'class', '', 0),
(2490, 240, 5, 'class', '', 0),
(2491, 240, 6, 'class', '', 0),
(2492, 240, 7, 'class', '', 0),
(2493, 240, 8, 'class', '', 0),
(2494, 240, 9, 'class', '', 0),
(2495, 240, 10, 'class', '', 0),
(2496, 240, 11, 'class', '', 0),
(2497, 240, 12, 'class', '', 0),
(2498, 240, 13, 'class', '', 0),
(2499, 240, 14, 'class', '', 0),
(2500, 240, 0, 'path', '', 0),
(2501, 240, 0, 'animationdata', '', 0),
(2502, 240, 1, 'animationdata', '', 0),
(2503, 240, 2, 'animationdata', '', 0),
(2504, 241, 0, 'class', 'no-gutters', 0),
(2505, 241, 1, 'class', '', 0),
(2506, 241, 2, 'class', '', 0),
(2507, 241, 3, 'class', '', 0),
(2508, 241, 4, 'class', '', 0),
(2509, 241, 5, 'class', '', 0),
(2510, 241, 6, 'class', '', 0),
(2511, 241, 7, 'class', '', 0),
(2512, 241, 0, 'path', '', 0),
(2513, 241, 0, 'animationdata', '', 0),
(2514, 241, 1, 'animationdata', '', 0),
(2515, 241, 2, 'animationdata', '', 0),
(2516, 242, 0, 'class', 'col', 0),
(2517, 242, 1, 'class', '', 0),
(2518, 242, 2, 'class', '', 0),
(2519, 242, 3, 'class', '', 0),
(2520, 242, 4, 'class', '', 0),
(2521, 242, 5, 'class', '', 0),
(2522, 242, 6, 'class', '', 0),
(2523, 242, 7, 'class', '', 0),
(2524, 242, 8, 'class', '', 0),
(2525, 242, 9, 'class', '', 0),
(2526, 242, 10, 'class', '', 0),
(2527, 242, 11, 'class', '', 0),
(2528, 242, 12, 'class', '', 0),
(2529, 242, 13, 'class', '', 0),
(2530, 242, 14, 'class', '', 0),
(2531, 242, 0, 'path', '', 0),
(2532, 242, 0, 'animationdata', '', 0),
(2533, 242, 1, 'animationdata', '', 0),
(2534, 242, 2, 'animationdata', '', 0),
(2535, 243, 0, 'ckeditable', '<h3><span style=\"color:#696969;\">Art des Fluges wählen</span></h3>', 1),
(2536, 243, 0, 'animationdata', '', 1),
(2537, 243, 1, 'animationdata', '', 1),
(2538, 243, 2, 'animationdata', '', 1),
(2539, 244, 0, 'ckeditable', '<h3><span style=\"color:#696969\">Pilot wählen</span></h3>', 0),
(2540, 244, 0, 'animationdata', '', 0),
(2541, 244, 1, 'animationdata', '', 0),
(2542, 244, 2, 'animationdata', '', 0),
(2543, 245, 0, 'class', 'no-gutters', 0),
(2544, 245, 1, 'class', '', 0),
(2545, 245, 2, 'class', '', 0),
(2546, 245, 3, 'class', '', 0),
(2547, 245, 4, 'class', '', 0),
(2548, 245, 5, 'class', '', 0),
(2549, 245, 6, 'class', '', 0),
(2550, 245, 7, 'class', '', 0),
(2551, 245, 0, 'path', '', 0),
(2552, 245, 0, 'animationdata', '', 0),
(2553, 245, 1, 'animationdata', '', 0),
(2554, 245, 2, 'animationdata', '', 0),
(2555, 246, 0, 'class', 'col', 0),
(2556, 246, 1, 'class', '', 0),
(2557, 246, 2, 'class', '', 0),
(2558, 246, 3, 'class', '', 0),
(2559, 246, 4, 'class', '', 0),
(2560, 246, 5, 'class', '', 0),
(2561, 246, 6, 'class', '', 0),
(2562, 246, 7, 'class', '', 0),
(2563, 246, 8, 'class', '', 0),
(2564, 246, 9, 'class', '', 0),
(2565, 246, 10, 'class', '', 0),
(2566, 246, 11, 'class', '', 0),
(2567, 246, 12, 'class', '', 0),
(2568, 246, 13, 'class', '', 0),
(2569, 246, 14, 'class', '', 0),
(2570, 246, 0, 'path', '', 0),
(2571, 246, 0, 'animationdata', '', 0),
(2572, 246, 1, 'animationdata', '', 0),
(2573, 246, 2, 'animationdata', '', 0),
(2574, 247, 0, 'ckeditable', '<h3><span style=\"color:#696969\">Wunschdatum wählen</span></h3>', 0),
(2575, 247, 0, 'animationdata', '', 0),
(2576, 247, 1, 'animationdata', '', 0),
(2577, 247, 2, 'animationdata', '', 0),
(2578, 248, 0, 'class', 'no-gutters', 0),
(2579, 248, 1, 'class', 'justify-content-center', 0),
(2580, 248, 2, 'class', '', 0),
(2581, 248, 3, 'class', '', 0),
(2582, 248, 4, 'class', '', 0),
(2583, 248, 5, 'class', '', 0),
(2584, 248, 6, 'class', '', 0),
(2585, 248, 7, 'class', '', 0),
(2586, 248, 0, 'path', '', 0),
(2587, 248, 0, 'animationdata', '', 0),
(2588, 248, 1, 'animationdata', '', 0),
(2589, 248, 2, 'animationdata', '', 0),
(2590, 249, 0, 'class', 'col', 0),
(2591, 249, 1, 'class', 'col-sm-12', 0),
(2592, 249, 2, 'class', 'col-md-6', 0),
(2593, 249, 3, 'class', 'col-lg-4', 0),
(2594, 249, 4, 'class', '', 0),
(2595, 249, 5, 'class', '', 0),
(2596, 249, 6, 'class', '', 0),
(2597, 249, 7, 'class', '', 0),
(2598, 249, 8, 'class', '', 0),
(2599, 249, 9, 'class', '', 0),
(2600, 249, 10, 'class', '', 0),
(2601, 249, 11, 'class', '', 0),
(2602, 249, 12, 'class', '', 0),
(2603, 249, 13, 'class', '', 0),
(2604, 249, 14, 'class', '', 0),
(2605, 249, 0, 'path', '', 0),
(2606, 249, 0, 'animationdata', '', 0),
(2607, 249, 1, 'animationdata', '', 0),
(2608, 249, 2, 'animationdata', '', 0),
(2609, 250, 0, 'path', 'datepicker.php', 0),
(2610, 250, 0, 'animationdata', '', 0),
(2611, 250, 1, 'animationdata', '', 0),
(2612, 250, 2, 'animationdata', '', 0),
(2613, 251, 0, 'ckeditable', '<h4>1. Wunschdatum</h4>', 0),
(2614, 251, 0, 'animationdata', '', 0),
(2615, 251, 1, 'animationdata', '', 0),
(2616, 251, 2, 'animationdata', '', 0),
(2617, 252, 0, 'class', 'col', 0),
(2618, 252, 1, 'class', 'col-sm-12', 0),
(2619, 252, 2, 'class', 'col-md-6', 0),
(2620, 252, 3, 'class', 'col-lg-4', 0),
(2621, 252, 4, 'class', '', 0),
(2622, 252, 5, 'class', '', 0),
(2623, 252, 6, 'class', '', 0),
(2624, 252, 7, 'class', '', 0),
(2625, 252, 8, 'class', '', 0),
(2626, 252, 9, 'class', '', 0),
(2627, 252, 10, 'class', '', 0),
(2628, 252, 11, 'class', '', 0),
(2629, 252, 12, 'class', '', 0),
(2630, 252, 13, 'class', '', 0),
(2631, 252, 14, 'class', '', 0),
(2632, 252, 0, 'path', '', 0),
(2633, 252, 0, 'animationdata', '', 0),
(2634, 252, 1, 'animationdata', '', 0),
(2635, 252, 2, 'animationdata', '', 0),
(2636, 253, 0, 'ckeditable', '<h4>2. Wunschdatum</h4>', 0),
(2637, 253, 0, 'animationdata', '', 0),
(2638, 253, 1, 'animationdata', '', 0),
(2639, 253, 2, 'animationdata', '', 0),
(2640, 254, 0, 'path', 'datepicker2.php', 0),
(2641, 254, 0, 'animationdata', '', 0),
(2642, 254, 1, 'animationdata', '', 0),
(2643, 254, 2, 'animationdata', '', 0),
(2644, 255, 0, 'ckeditable', '<h5>Gewünschte Zeit</h5>', 0),
(2645, 255, 0, 'animationdata', '', 0),
(2646, 255, 1, 'animationdata', '', 0),
(2647, 255, 2, 'animationdata', '', 0),
(2648, 256, 0, 'path', 'timepicker.php', 0),
(2649, 256, 0, 'animationdata', '', 0),
(2650, 256, 1, 'animationdata', '', 0),
(2651, 256, 2, 'animationdata', '', 0),
(2652, 257, 0, 'ckeditable', '<h5>Gewünschte Zeit</h5>', 0),
(2653, 257, 0, 'animationdata', '', 0),
(2654, 257, 1, 'animationdata', '', 0),
(2655, 257, 2, 'animationdata', '', 0),
(2656, 258, 0, 'path', 'timepicker2.php', 0),
(2657, 258, 0, 'animationdata', '', 0),
(2658, 258, 1, 'animationdata', '', 0),
(2659, 258, 2, 'animationdata', '', 0);

-- --------------------------------------------------------

--
-- Tabellenstruktur für Tabelle `languages`
--

DROP TABLE IF EXISTS `languages`;
CREATE TABLE IF NOT EXISTS `languages` (
  `lUID` int(11) NOT NULL AUTO_INCREMENT,
  `lLanguageName` varchar(255) COLLATE utf8_bin NOT NULL,
  `lShortCaption` varchar(20) COLLATE utf8_bin NOT NULL,
  `lLanguageCode` varchar(10) COLLATE utf8_bin NOT NULL,
  PRIMARY KEY (`lUID`)
) ENGINE=MyISAM AUTO_INCREMENT=3 DEFAULT CHARSET=utf8 COLLATE=utf8_bin;

--
-- Daten für Tabelle `languages`
--

INSERT INTO `languages` (`lUID`, `lLanguageName`, `lShortCaption`, `lLanguageCode`) VALUES
(1, 'deutsch', 'DE', 'DE'),
(2, 'english', 'EN', 'EN');

-- --------------------------------------------------------

--
-- Tabellenstruktur für Tabelle `pages`
--

DROP TABLE IF EXISTS `pages`;
CREATE TABLE IF NOT EXISTS `pages` (
  `pUID` int(11) NOT NULL AUTO_INCREMENT,
  `pParent` varchar(255) COLLATE utf8_bin NOT NULL DEFAULT '',
  `pSharedID` varchar(255) COLLATE utf8_bin NOT NULL DEFAULT '',
  `pURL` varchar(255) COLLATE utf8_bin NOT NULL,
  `pLanguage` varchar(255) COLLATE utf8_bin NOT NULL,
  `pPageType` varchar(255) COLLATE utf8_bin NOT NULL DEFAULT '',
  `pGroupMember` varchar(255) COLLATE utf8_bin NOT NULL DEFAULT '',
  `pStyle` text COLLATE utf8_bin NOT NULL,
  `pLinkText` varchar(255) COLLATE utf8_bin NOT NULL DEFAULT '',
  `pTitle` varchar(255) COLLATE utf8_bin NOT NULL DEFAULT '',
  `pDescription` varchar(255) COLLATE utf8_bin NOT NULL DEFAULT '',
  `pKeywords` varchar(255) COLLATE utf8_bin NOT NULL DEFAULT '',
  `pShowInNav` tinyint(1) NOT NULL DEFAULT '1',
  `pNavPosition` int(11) NOT NULL,
  `pAuthAccessOnly` tinyint(1) NOT NULL DEFAULT '0',
  `pMenuItemOnly` tinyint(1) NOT NULL DEFAULT '0',
  `pActive` tinyint(1) NOT NULL DEFAULT '1',
  `pDate` varchar(255) COLLATE utf8_bin NOT NULL DEFAULT '',
  `pAuthor` varchar(255) COLLATE utf8_bin NOT NULL DEFAULT '',
  `pLastEditor` varchar(255) COLLATE utf8_bin DEFAULT '',
  `pDeleted` tinyint(4) NOT NULL DEFAULT '0',
  `pAccessCounter` int(11) NOT NULL DEFAULT '0',
  PRIMARY KEY (`pUID`)
) ENGINE=InnoDB AUTO_INCREMENT=5 DEFAULT CHARSET=utf8 COLLATE=utf8_bin;

--
-- Daten für Tabelle `pages`
--

INSERT INTO `pages` (`pUID`, `pParent`, `pSharedID`, `pURL`, `pLanguage`, `pPageType`, `pGroupMember`, `pStyle`, `pLinkText`, `pTitle`, `pDescription`, `pKeywords`, `pShowInNav`, `pNavPosition`, `pAuthAccessOnly`, `pMenuItemOnly`, `pActive`, `pDate`, `pAuthor`, `pLastEditor`, `pDeleted`, `pAccessCounter`) VALUES
(1, '', 'home1542283958', 'home_DE', 'DE', '', '', '', 'home', 'home', '', '', 1, 1, 0, 0, 0, '1542283958', 'mwienands', 'mwienands', 0, 0),
(2, '', 'home1542283958', 'home_EN', 'EN', '', '', '', 'home', 'home', '', '', 1, 1, 0, 0, 0, '1542283959', 'mwienands', 'mwienands', 0, 0),
(3, '', 'buchen1549285625', 'buchenDE', 'DE', '', '', '', 'buchen', 'buchen', '', '', 1, 2, 0, 0, 1, '1549285637', 'mwienands', 'mwienands', 0, 0),
(4, '', 'buchen1549285625', 'buchen_EN', 'EN', '', '', '', 'buchen', 'buchen', '', '', 1, 2, 0, 0, 0, '1549285637', 'mwienands', 'mwienands', 0, 0);

-- --------------------------------------------------------

--
-- Tabellenstruktur für Tabelle `settings`
--

DROP TABLE IF EXISTS `settings`;
CREATE TABLE IF NOT EXISTS `settings` (
  `sUID` int(11) NOT NULL AUTO_INCREMENT,
  `sSetting` varchar(255) COLLATE utf8_bin NOT NULL,
  `sSettingName` varchar(255) COLLATE utf8_bin NOT NULL,
  `sValue` text COLLATE utf8_bin NOT NULL,
  PRIMARY KEY (`sUID`)
) ENGINE=MyISAM AUTO_INCREMENT=9 DEFAULT CHARSET=utf8 COLLATE=utf8_bin;

--
-- Daten für Tabelle `settings`
--

INSERT INTO `settings` (`sUID`, `sSetting`, `sSettingName`, `sValue`) VALUES
(1, 'default_URL', 'The fallback URL for invalid URLs.', 'home_de'),
(2, 'session_salt', 'Salt value for session security.', 'peakvision'),
(3, 'mysqlErrorReporting', 'Show MySQL debug information.', '1'),
(4, 'jQueryDebugging', 'Show Jquery debug information in console.', '1'),
(5, 'backendAnimation', 'Enable back-end animation', '0'),
(6, 'headInclude', '&lt;head&gt; includes for all pages.', '    <script src=\"https://unpkg.com/gijgo@1.9.11/js/gijgo.min.js\" type=\"text/javascript\"></script>\n    <link href=\"https://unpkg.com/gijgo@1.9.11/css/gijgo.min.css\" rel=\"stylesheet\" type=\"text/css\" />'),
(7, 'bodyInclude', 'End of &lt;body&gt; includes for all pages.', '<script src=\"custom/js/user.js\"></script>\n<script >(function ($) {\n  \"use strict\";\n  // Auto-scroll\n  $(\'#myCarousel\').carousel({\n    interval: false });\n\n\n  // Control buttons\n  $(\'.next\').click(function () {\n    $(\'.carousel\').carousel(\'next\');\n    return false;\n  });\n  $(\'.prev\').click(function () {\n    $(\'.carousel\').carousel(\'prev\');\n    return false;\n  });\n\n  // On carousel scroll\n  $(\"#myCarousel\").on(\"slide.bs.carousel\", function (e) {\n    var $e = $(e.relatedTarget);\n    var idx = $e.index();\n    var itemsPerSlide = 3;\n    var totalItems = $(\".carousel-item\").length;\n    if (idx >= totalItems - (itemsPerSlide - 1)) {\n      var it = itemsPerSlide - (\n      totalItems - idx);\n      for (var i = 0; i < it; i++) {if (window.CP.shouldStopExecution(0)) break;\n        // append slides to end \n        if (e.direction == \"left\") {\n          $(\n          \".carousel-item\").eq(i).appendTo(\".carousel-inner\");\n        } else {\n          $(\".carousel-item\").eq(0).appendTo(\".carousel-inner\");\n        }\n      }window.CP.exitedLoop(0);\n    }\n  });\n})(\njQuery);\n//# sourceURL=pen.js\n</script>\n');

-- --------------------------------------------------------

--
-- Tabellenstruktur für Tabelle `users`
--

DROP TABLE IF EXISTS `users`;
CREATE TABLE IF NOT EXISTS `users` (
  `uUser` varchar(255) COLLATE utf8_bin NOT NULL,
  `uPassword` varchar(255) COLLATE utf8_bin NOT NULL,
  `uFirstName` varchar(255) COLLATE utf8_bin NOT NULL,
  `uLastName` varchar(255) COLLATE utf8_bin NOT NULL,
  `uUserTitle` varchar(255) COLLATE utf8_bin NOT NULL,
  `uEmail` varchar(255) COLLATE utf8_bin NOT NULL,
  `uIdentifier` varchar(255) COLLATE utf8_bin NOT NULL,
  `uToken` longtext COLLATE utf8_bin NOT NULL,
  `uTimeout` int(11) NOT NULL,
  `uAdmin` tinyint(4) NOT NULL,
  `uLanguage` varchar(255) COLLATE utf8_bin NOT NULL,
  `uUID` int(11) NOT NULL AUTO_INCREMENT,
  PRIMARY KEY (`uUID`)
) ENGINE=InnoDB AUTO_INCREMENT=3 DEFAULT CHARSET=utf8 COLLATE=utf8_bin;

--
-- Daten für Tabelle `users`
--

INSERT INTO `users` (`uUser`, `uPassword`, `uFirstName`, `uLastName`, `uUserTitle`, `uEmail`, `uIdentifier`, `uToken`, `uTimeout`, `uAdmin`, `uLanguage`, `uUID`) VALUES
('mwienands', 'e3afed0047b08059d0fada10f400c1e5', 'Michael ', 'Wienands', '', 'michael@peakvision.ch', '36324637325ec5d0b023745c4c7efbe9', '', 0, 1, 'EN', 1),
('davide', 'e3afed0047b08059d0fada10f400c1e5', 'davide', 'grosina', 'Mr', 'davide@ita.de', 'd62d412237c1fbfc0fc327a1d61d347a', '', 0, 0, 'EN', 2);
COMMIT;

/*!40101 SET CHARACTER_SET_CLIENT=@OLD_CHARACTER_SET_CLIENT */;
/*!40101 SET CHARACTER_SET_RESULTS=@OLD_CHARACTER_SET_RESULTS */;
/*!40101 SET COLLATION_CONNECTION=@OLD_COLLATION_CONNECTION */;
